product_id,product_name,date,inventory_level,orders,lead_time_days
SKU485,Widget A,2025-02-25,88.0,7.0,4.0
SKU189,Widget A,2025-02-24,68.0,19.0,10.0
SKU309,Widget A,2025-02-23,200.0,24.0,9.0
SKU985,Widget A,2025-02-22,196.0,24.0,
SKU798,Widget A,2025-02-21,143.0,19.0,6.0
SKU491,Widget A,2025-02-20,54.0,16.0,4.0
SKU723,Widget A,2025-02-19,165.0,24.0,10.0
SKU559,Widget A,2025-02-18,158.0,16.0,5.0
SKU659,Widget A,2025-02-17,163.0,8.0,7.0
SKU751,Widget A,2025-02-16,198.0,16.0,9.0
SKU873,Widget A,2025-02-15,106.0,7.0,4.0
SKU197,Widget A,2025-02-14,65.0,,7.0
SKU378,Widget A,2025-02-13,115.0,22.0,6.0
SKU636,Widget A,2025-02-12,88.0,,5.0
SKU306,Widget A,2025-02-11,149.0,16.0,5.0
SKU612,Widget A,2025-02-10,73.0,6.0,4.0
SKU529,Widget A,2025-02-09,,8.0,8.0
SKU216,Widget A,,161.0,14.0,6.0
SKU966,Widget A,2025-02-07,122.0,23.0,8.0
SKU985,Widget A,2025-02-06,146.0,14.0,5.0
SKU991,Widget A,2025-02-05,196.0,9.0,7.0
SKU696,Widget A,2025-02-04,144.0,15.0,7.0
SKU613,Widget A,2025-02-03,180.0,24.0,5.0
SKU410,Widget A,2025-02-02,156.0,23.0,6.0
SKU624,Widget A,2025-02-01,167.0,6.0,10.0
SKU795,Widget A,2025-01-31,,12.0,3.0
SKU187,Widget A,2025-01-30,188.0,21.0,9.0
SKU893,Widget A,2025-01-29,99.0,6.0,5.0
SKU214,Widget A,2025-01-28,183.0,18.0,4.0
SKU171,Widget A,2025-01-27,71.0,,6.0
SKU422,Widget A,2025-01-26,185.0,23.0,6.0
SKU746,Widget A,2025-01-25,94.0,10.0,4.0
SKU124,Widget A,2025-01-24,83.0,11.0,7.0
SKU272,Widget A,2025-01-23,72.0,19.0,
SKU862,Widget A,2025-01-22,151.0,25.0,4.0
SKU566,Widget A,2025-01-21,61.0,16.0,9.0
SKU933,Widget A,2025-01-20,,7.0,10.0
SKU468,Widget A,2025-01-19,177.0,24.0,7.0
SKU379,Widget A,2025-01-18,179.0,9.0,10.0
SKU925,Widget A,2025-01-17,113.0,9.0,7.0
SKU583,Widget A,2025-01-16,63.0,,3.0
SKU692,Widget A,2025-01-15,133.0,25.0,4.0
SKU222,Widget A,,161.0,8.0,4.0
SKU725,Widget A,2025-01-13,99.0,9.0,6.0
SKU912,Widget A,2025-01-12,144.0,17.0,6.0
SKU632,Widget A,2025-01-11,155.0,16.0,6.0
SKU773,Widget A,2025-01-10,77.0,9.0,9.0
SKU327,Widget A,,71.0,15.0,6.0
SKU121,Widget A,2025-01-08,119.0,9.0,7.0
SKU691,Widget A,2025-01-07,129.0,14.0,6.0
SKU165,Widget A,2025-01-06,198.0,21.0,9.0
SKU753,Widget A,2025-01-05,69.0,25.0,9.0
SKU643,Widget A,2025-01-04,144.0,14.0,10.0
SKU274,Widget A,2025-01-03,147.0,13.0,3.0
SKU742,Widget A,2025-01-02,164.0,23.0,4.0
SKU286,Widget A,2025-01-01,140.0,17.0,7.0
SKU267,Widget A,2024-12-31,63.0,11.0,3.0
SKU490,Widget A,2024-12-30,64.0,5.0,
SKU227,Widget A,2024-12-29,167.0,16.0,9.0
SKU390,Widget A,2024-12-28,92.0,25.0,5.0
SKU883,Widget A,2024-12-27,147.0,25.0,7.0
SKU313,Widget A,2024-12-26,139.0,23.0,4.0
SKU363,Widget A,2024-12-25,58.0,15.0,6.0
SKU849,Widget A,2024-12-24,52.0,18.0,7.0
SKU551,Widget A,2024-12-23,112.0,9.0,6.0
SKU859,Widget A,2024-12-22,84.0,15.0,9.0
SKU383,Widget A,2024-12-21,115.0,15.0,
SKU876,Widget A,2024-12-20,121.0,9.0,4.0
SKU408,Widget A,2024-12-19,90.0,11.0,10.0
SKU785,Widget A,2024-12-18,199.0,15.0,8.0
SKU677,Widget A,2024-12-17,61.0,,6.0
SKU652,Widget A,2024-12-16,146.0,14.0,6.0
SKU997,Widget A,2024-12-15,156.0,13.0,5.0
SKU186,Widget A,2024-12-14,128.0,20.0,9.0
SKU707,Widget A,2024-12-13,81.0,21.0,8.0
SKU860,Widget A,2024-12-12,135.0,15.0,6.0
SKU598,Widget A,2024-12-11,118.0,9.0,7.0
SKU291,Widget A,2024-12-10,168.0,7.0,5.0
SKU369,Widget A,2024-12-09,161.0,11.0,9.0
SKU781,Widget A,2024-12-08,164.0,6.0,5.0
SKU677,Widget A,2024-12-07,151.0,17.0,6.0
SKU555,Widget A,2024-12-06,156.0,11.0,3.0
SKU399,Widget A,2024-12-05,138.0,10.0,4.0
SKU340,Widget A,2024-12-04,127.0,9.0,5.0
SKU470,Widget A,2024-12-03,,8.0,4.0
SKU167,Widget A,2024-12-02,159.0,,3.0
SKU945,Widget A,2024-12-01,111.0,19.0,3.0
SKU504,Widget A,2024-11-30,193.0,9.0,9.0
SKU851,Widget A,2024-11-29,110.0,8.0,10.0
SKU798,Widget A,2024-11-28,153.0,18.0,7.0
SKU315,Widget A,2024-11-27,149.0,7.0,7.0
SKU748,Widget A,2024-11-26,186.0,21.0,5.0
SKU316,Widget A,2024-11-25,106.0,11.0,4.0
SKU160,Widget A,2024-11-24,54.0,19.0,4.0
SKU229,Widget A,2024-11-23,95.0,12.0,6.0
SKU920,Widget A,2024-11-22,164.0,18.0,10.0
SKU685,Widget A,2024-11-21,187.0,24.0,4.0
SKU351,Widget A,2024-11-20,,18.0,6.0
SKU726,Widget A,2024-11-19,77.0,,9.0
SKU816,Widget A,2024-11-18,77.0,6.0,10.0
SKU602,Widget A,2024-11-17,191.0,24.0,
SKU849,Widget A,2024-11-16,85.0,20.0,8.0
SKU680,Widget A,2024-11-15,176.0,15.0,
SKU533,Widget A,,164.0,12.0,7.0
SKU242,Widget A,2024-11-13,180.0,,9.0
SKU909,Widget A,2024-11-12,184.0,17.0,3.0
SKU212,Widget A,2024-11-11,166.0,12.0,8.0
SKU623,Widget A,2024-11-10,98.0,17.0,
SKU983,Widget A,,75.0,23.0,10.0
SKU455,Widget A,,193.0,22.0,10.0
SKU726,Widget A,2024-11-07,198.0,18.0,5.0
SKU462,Widget A,2024-11-06,94.0,5.0,10.0
SKU877,Widget A,2024-11-05,195.0,22.0,8.0
SKU332,Widget A,2024-11-04,170.0,7.0,7.0
SKU783,Widget A,2024-11-03,107.0,22.0,4.0
SKU938,Widget A,,95.0,8.0,3.0
SKU413,Widget A,2024-11-01,199.0,13.0,4.0
SKU594,Widget A,2024-10-31,191.0,9.0,6.0
SKU390,Widget A,2024-10-30,78.0,5.0,7.0
SKU993,Widget A,,100.0,13.0,3.0
SKU833,Widget A,2024-10-28,,23.0,4.0
SKU513,Widget A,2024-10-27,,24.0,9.0
SKU991,Widget A,2024-10-26,63.0,,3.0
SKU435,Widget A,2024-10-25,55.0,25.0,3.0
SKU554,Widget A,2024-10-24,187.0,7.0,
SKU902,Widget A,2024-10-23,57.0,9.0,10.0
SKU680,Widget A,2024-10-22,190.0,17.0,4.0
SKU637,Widget A,,125.0,16.0,6.0
SKU628,Widget A,2024-10-20,175.0,18.0,9.0
SKU102,Widget A,2024-10-19,,17.0,8.0
SKU665,Widget A,2024-10-18,96.0,21.0,7.0
SKU408,Widget A,2024-10-17,54.0,17.0,6.0
SKU777,Widget A,2024-10-16,,12.0,8.0
SKU405,Widget A,2024-10-15,143.0,13.0,3.0
SKU890,Widget A,2024-10-14,119.0,22.0,7.0
SKU222,Widget A,2024-10-13,65.0,5.0,3.0
SKU242,Widget A,2024-10-12,180.0,10.0,4.0
SKU931,Widget A,2024-10-11,180.0,12.0,9.0
SKU476,Widget A,2024-10-10,77.0,16.0,8.0
SKU174,Widget A,2024-10-09,139.0,9.0,6.0
SKU517,Widget A,2024-10-08,158.0,21.0,8.0
SKU717,Widget A,2024-10-07,62.0,13.0,3.0
SKU521,Widget A,2024-10-06,144.0,7.0,9.0
SKU897,Widget A,2024-10-05,108.0,,6.0
SKU585,Widget A,2024-10-04,92.0,,10.0
SKU204,Widget A,2024-10-03,79.0,15.0,9.0
SKU235,Widget A,2024-10-02,130.0,17.0,6.0
SKU844,Widget A,2024-10-01,171.0,19.0,6.0
SKU392,Widget A,2024-09-30,164.0,6.0,6.0
SKU245,Widget A,2024-09-29,193.0,19.0,5.0
SKU856,Widget A,2024-09-28,,12.0,10.0
SKU869,Widget A,2024-09-27,193.0,8.0,3.0
SKU372,Widget A,2024-09-26,170.0,13.0,
SKU318,Widget A,2024-09-25,163.0,22.0,8.0
SKU548,Widget A,2024-09-24,162.0,21.0,5.0
SKU789,Widget A,2024-09-23,174.0,23.0,5.0
SKU981,Widget A,2024-09-22,96.0,,3.0
SKU328,Widget A,,150.0,21.0,4.0
SKU317,Widget A,2024-09-20,179.0,25.0,10.0
SKU333,Widget A,2024-09-19,85.0,,8.0
SKU490,Widget A,2024-09-18,78.0,16.0,3.0
SKU730,Widget A,2024-09-17,123.0,,8.0
SKU213,Widget A,2024-09-16,97.0,7.0,10.0
SKU422,Widget A,2024-09-15,63.0,14.0,8.0
SKU797,Widget A,2024-09-14,55.0,22.0,7.0
SKU915,Widget A,,128.0,19.0,7.0
SKU707,Widget A,2024-09-12,144.0,25.0,9.0
SKU979,Widget A,2024-09-11,189.0,25.0,6.0
SKU263,Widget A,2024-09-10,,25.0,8.0
SKU854,Widget A,2024-09-09,131.0,,7.0
SKU658,Widget A,2024-09-08,67.0,22.0,4.0
SKU504,Widget A,2024-09-07,,9.0,4.0
SKU975,Widget A,2024-09-06,96.0,15.0,10.0
SKU741,Widget A,2024-09-05,133.0,15.0,6.0
SKU813,Widget A,2024-09-04,73.0,25.0,7.0
SKU891,Widget A,2024-09-03,180.0,17.0,6.0
SKU707,Widget A,2024-09-02,119.0,19.0,5.0
SKU104,Widget A,2024-09-01,164.0,15.0,3.0
SKU606,Widget A,2024-08-31,184.0,11.0,7.0
SKU749,Widget A,2024-08-30,68.0,11.0,9.0
SKU112,Widget A,2024-08-29,140.0,10.0,8.0
SKU722,Widget A,2024-08-28,166.0,18.0,10.0
SKU331,Widget A,2024-08-27,197.0,6.0,9.0
SKU592,Widget A,2024-08-26,97.0,16.0,9.0
SKU796,Widget A,2024-08-25,,6.0,8.0
SKU460,Widget A,2024-08-24,51.0,23.0,4.0
SKU230,Widget A,2024-08-23,166.0,24.0,10.0
SKU249,Widget A,2024-08-22,187.0,18.0,5.0
SKU336,Widget A,2024-08-21,124.0,15.0,10.0
SKU596,Widget A,2024-08-20,193.0,5.0,8.0
SKU960,Widget A,2024-08-19,92.0,14.0,6.0
SKU820,Widget A,2024-08-18,117.0,13.0,5.0
SKU692,Widget A,2024-08-17,195.0,14.0,10.0
SKU151,Widget A,2024-08-16,178.0,24.0,7.0
SKU275,Widget A,2024-08-15,125.0,22.0,7.0
SKU759,Widget A,2024-08-14,98.0,11.0,8.0
SKU106,Widget A,2024-08-13,57.0,5.0,4.0
SKU475,Widget A,2024-08-12,86.0,17.0,4.0
SKU893,Widget A,2024-08-11,151.0,25.0,3.0
SKU999,Widget A,2024-08-10,101.0,6.0,5.0
SKU787,Widget A,2024-08-09,161.0,8.0,5.0
SKU633,Widget A,,195.0,23.0,10.0
SKU361,Widget A,,112.0,18.0,4.0
SKU748,Widget A,2024-08-06,170.0,17.0,7.0
SKU521,Widget A,2024-08-05,196.0,6.0,8.0
SKU979,Widget A,2024-08-04,52.0,16.0,6.0
SKU755,Widget A,2024-08-03,194.0,12.0,9.0
SKU785,Widget A,2024-08-02,133.0,7.0,3.0
SKU436,Widget A,2024-08-01,111.0,13.0,10.0
SKU215,Widget A,2024-07-31,181.0,21.0,6.0
SKU530,Widget A,2024-07-30,102.0,20.0,4.0
SKU398,Widget A,2024-07-29,108.0,9.0,9.0
SKU410,Widget A,2024-07-28,100.0,6.0,9.0
SKU731,Widget A,2024-07-27,,22.0,10.0
SKU760,Widget A,2024-07-26,133.0,6.0,9.0
SKU752,Widget A,2024-07-25,57.0,12.0,4.0
SKU702,Widget A,2024-07-24,,19.0,8.0
SKU879,Widget A,2024-07-23,116.0,24.0,10.0
SKU741,Widget A,2024-07-22,50.0,17.0,
SKU752,Widget A,2024-07-21,97.0,8.0,3.0
SKU562,Widget A,2024-07-20,118.0,11.0,10.0
SKU726,Widget A,2024-07-19,180.0,17.0,5.0
SKU394,Widget A,2024-07-18,183.0,7.0,9.0
SKU727,Widget A,2024-07-17,172.0,15.0,5.0
SKU201,Widget A,2024-07-16,86.0,11.0,7.0
SKU633,Widget A,2024-07-15,188.0,15.0,10.0
SKU565,Widget A,2024-07-14,83.0,22.0,7.0
SKU494,Widget A,2024-07-13,171.0,6.0,7.0
SKU825,Widget A,2024-07-12,130.0,20.0,5.0
SKU103,Widget A,2024-07-11,138.0,12.0,6.0
SKU773,Widget A,2024-07-10,86.0,16.0,5.0
SKU268,Widget A,2024-07-09,101.0,20.0,3.0
SKU958,Widget A,2024-07-08,173.0,14.0,8.0
SKU828,Widget A,2024-07-07,,22.0,3.0
SKU323,Widget A,2024-07-06,178.0,19.0,8.0
SKU181,Widget A,2024-07-05,,23.0,6.0
SKU713,Widget A,2024-07-04,193.0,13.0,10.0
SKU429,Widget A,2024-07-03,87.0,6.0,4.0
SKU411,Widget A,2024-07-02,73.0,5.0,5.0
SKU436,Widget A,2024-07-01,183.0,11.0,
SKU518,Widget A,2024-06-30,,6.0,9.0
SKU565,Widget A,2024-06-29,67.0,12.0,9.0
SKU435,Widget A,2024-06-28,199.0,20.0,3.0
SKU533,Widget A,2024-06-27,106.0,23.0,5.0
SKU353,Widget A,2024-06-26,78.0,7.0,3.0
SKU521,Widget A,2024-06-25,180.0,14.0,9.0
SKU478,Widget A,2024-06-24,,6.0,10.0
SKU352,Widget A,2024-06-23,164.0,13.0,7.0
SKU956,Widget A,2024-06-22,52.0,10.0,7.0
SKU689,Widget A,2024-06-21,104.0,22.0,4.0
SKU251,Widget A,2024-06-20,94.0,,8.0
SKU802,Widget A,2024-06-19,142.0,20.0,7.0
SKU382,Widget A,2024-06-18,159.0,11.0,9.0
SKU315,Widget A,2024-06-17,93.0,13.0,8.0
SKU837,Widget A,2024-06-16,107.0,6.0,4.0
SKU984,Widget A,2024-06-15,79.0,19.0,9.0
SKU539,Widget A,2024-06-14,165.0,9.0,5.0
SKU598,Widget A,,127.0,5.0,9.0
SKU713,Widget A,2024-06-12,176.0,16.0,4.0
SKU143,Widget A,2024-06-11,53.0,23.0,10.0
SKU600,Widget A,2024-06-10,129.0,14.0,5.0
SKU330,Widget A,2024-06-09,125.0,7.0,9.0
SKU293,Widget A,2024-06-08,69.0,17.0,4.0
SKU928,Widget A,2024-06-07,113.0,19.0,8.0
SKU232,Widget A,,197.0,19.0,6.0
SKU385,Widget A,2024-06-05,192.0,18.0,7.0
SKU221,Widget A,2024-06-04,167.0,13.0,
SKU629,Widget A,2024-06-03,69.0,23.0,6.0
SKU318,Widget A,2024-06-02,,8.0,7.0
SKU293,Widget A,2024-06-01,199.0,15.0,10.0
SKU502,Widget A,2024-05-31,101.0,16.0,4.0
SKU254,Widget A,2024-05-30,74.0,9.0,10.0
SKU214,Widget A,2024-05-29,192.0,6.0,8.0
SKU706,Widget A,2024-05-28,186.0,14.0,7.0
SKU201,Widget A,2024-05-27,69.0,14.0,9.0
SKU803,Widget A,,83.0,22.0,7.0
SKU716,Widget A,2024-05-25,81.0,13.0,5.0
SKU458,Widget A,2024-05-24,86.0,7.0,
SKU738,Widget A,2024-05-23,135.0,16.0,5.0
SKU513,Widget A,2024-05-22,164.0,6.0,8.0
SKU131,Widget A,2024-05-21,176.0,22.0,4.0
SKU606,Widget A,2024-05-20,99.0,11.0,8.0
SKU668,Widget A,2024-05-19,65.0,16.0,8.0
SKU738,Widget A,2024-05-18,190.0,23.0,6.0
SKU316,Widget A,2024-05-17,161.0,13.0,9.0
SKU963,Widget A,2024-05-16,168.0,24.0,9.0
SKU644,Widget A,2024-05-15,179.0,,9.0
SKU624,Widget A,2024-05-14,196.0,5.0,8.0
SKU348,Widget A,2024-05-13,138.0,8.0,8.0
SKU750,Widget A,2024-05-12,166.0,6.0,
SKU679,Widget A,2024-05-11,94.0,13.0,5.0
SKU491,Widget A,2024-05-10,156.0,8.0,4.0
SKU549,Widget A,2024-05-09,,8.0,4.0
SKU800,Widget A,2024-05-08,105.0,22.0,8.0
SKU887,Widget A,2024-05-07,89.0,16.0,9.0
SKU519,Widget A,2024-05-06,91.0,5.0,8.0
SKU305,Widget A,2024-05-05,52.0,21.0,4.0
SKU515,Widget A,2024-05-04,94.0,17.0,3.0
SKU206,Widget A,2024-05-03,57.0,6.0,
SKU186,Widget A,2024-05-02,71.0,5.0,10.0
SKU188,Widget A,2024-05-01,185.0,8.0,7.0
SKU121,Widget A,2024-04-30,141.0,9.0,3.0
SKU688,Widget A,2024-04-29,118.0,9.0,3.0
SKU989,Widget A,2024-04-28,57.0,6.0,9.0
SKU883,Widget A,2024-04-27,63.0,19.0,4.0
SKU252,Widget A,2024-04-26,140.0,25.0,10.0
SKU571,Widget A,2024-04-25,95.0,25.0,6.0
SKU606,Widget A,2024-04-24,148.0,18.0,4.0
SKU610,Widget A,2024-04-23,67.0,11.0,8.0
SKU120,Widget A,2024-04-22,159.0,21.0,3.0
SKU206,Widget A,2024-04-21,110.0,18.0,10.0
SKU447,Widget A,2024-04-20,168.0,,7.0
SKU279,Widget A,2024-04-19,95.0,12.0,3.0
SKU296,Widget A,,166.0,24.0,5.0
SKU398,Widget A,2024-04-17,132.0,19.0,7.0
SKU125,Widget A,2024-04-16,195.0,12.0,5.0
SKU445,Widget A,2024-04-15,199.0,21.0,
SKU585,Widget A,2024-04-14,197.0,14.0,8.0
SKU750,Widget A,2024-04-13,73.0,25.0,10.0
SKU485,Widget A,2024-04-12,57.0,6.0,3.0
SKU463,Widget A,2024-04-11,70.0,19.0,8.0
SKU718,Widget A,2024-04-10,52.0,7.0,8.0
SKU699,Widget A,,191.0,16.0,8.0
SKU524,Widget A,2024-04-08,67.0,20.0,6.0
SKU297,Widget A,2024-04-07,104.0,19.0,8.0
SKU182,Widget A,2024-04-06,103.0,16.0,8.0
SKU697,Widget A,2024-04-05,78.0,,3.0
SKU932,Widget A,2024-04-04,,18.0,10.0
SKU113,Widget A,2024-04-03,194.0,22.0,5.0
SKU465,Widget A,2024-04-02,57.0,14.0,5.0
SKU310,Widget A,2024-04-01,166.0,15.0,8.0
SKU885,Widget A,2024-03-31,176.0,17.0,
SKU489,Widget A,2024-03-30,147.0,13.0,5.0
SKU171,Widget A,2024-03-29,88.0,17.0,5.0
SKU391,Widget A,2024-03-28,,17.0,3.0
SKU243,Widget A,2024-03-27,51.0,25.0,9.0
SKU415,Widget A,2024-03-26,,24.0,7.0
SKU985,Widget A,2024-03-25,172.0,18.0,4.0
SKU403,Widget A,2024-03-24,53.0,19.0,5.0
SKU167,Widget A,2024-03-23,71.0,20.0,10.0
SKU371,Widget A,2024-03-22,66.0,20.0,5.0
SKU189,Widget A,2024-03-21,130.0,11.0,5.0
SKU233,Widget A,2024-03-20,196.0,9.0,4.0
SKU284,Widget A,2024-03-19,137.0,20.0,3.0
SKU225,Widget A,2024-03-18,92.0,15.0,9.0
SKU338,Widget A,2024-03-17,155.0,12.0,5.0
SKU877,Widget A,2024-03-16,171.0,20.0,3.0
SKU386,Widget A,2024-03-15,173.0,18.0,9.0
SKU743,Widget A,2024-03-14,179.0,20.0,3.0
SKU695,Widget A,2024-03-13,162.0,18.0,7.0
SKU825,Widget A,2024-03-12,133.0,5.0,9.0
SKU181,Widget A,2024-03-11,163.0,17.0,6.0
SKU171,Widget A,2024-03-10,110.0,14.0,8.0
SKU131,Widget A,,137.0,23.0,8.0
SKU934,Widget A,2024-03-08,125.0,10.0,
SKU230,Widget A,2024-03-07,108.0,6.0,10.0
SKU862,Widget A,2024-03-06,113.0,13.0,7.0
SKU691,Widget A,2024-03-05,181.0,21.0,10.0
SKU461,Widget A,2024-03-04,103.0,8.0,10.0
SKU975,Widget A,2024-03-03,127.0,6.0,9.0
SKU412,Widget A,2024-03-02,176.0,25.0,
SKU176,Widget A,2024-03-01,88.0,18.0,9.0
SKU965,Widget A,2024-02-29,176.0,17.0,5.0
SKU468,Widget A,2024-02-28,161.0,6.0,7.0
SKU362,Widget A,2024-02-27,198.0,24.0,6.0
SKU647,Widget A,2024-02-26,124.0,,4.0
SKU979,Widget A,2024-02-25,192.0,22.0,7.0
SKU306,Widget A,2024-02-24,54.0,24.0,5.0
SKU387,Widget A,2024-02-23,78.0,17.0,8.0
SKU167,Widget A,2024-02-22,91.0,15.0,9.0
SKU686,Widget A,2024-02-21,90.0,19.0,10.0
SKU834,Widget A,2024-02-20,136.0,15.0,8.0
SKU363,Widget A,2024-02-19,176.0,12.0,6.0
SKU936,Widget A,2024-02-18,80.0,18.0,
SKU142,Widget A,2024-02-17,61.0,12.0,7.0
SKU759,Widget A,2024-02-16,185.0,11.0,3.0
SKU613,Widget A,2024-02-15,72.0,10.0,10.0
SKU128,Widget A,2024-02-14,86.0,8.0,10.0
SKU463,Widget A,2024-02-13,99.0,20.0,9.0
SKU176,Widget A,2024-02-12,141.0,9.0,8.0
SKU629,Widget A,2024-02-11,105.0,19.0,5.0
SKU220,Widget A,2024-02-10,150.0,20.0,8.0
SKU957,Widget A,2024-02-09,161.0,6.0,6.0
SKU823,Widget A,2024-02-08,95.0,25.0,3.0
SKU817,Widget A,2024-02-07,133.0,19.0,9.0
SKU307,Widget A,2024-02-06,101.0,6.0,8.0
SKU198,Widget A,2024-02-05,60.0,17.0,10.0
SKU546,Widget A,2024-02-04,126.0,22.0,9.0
SKU387,Widget A,2024-02-03,95.0,8.0,8.0
SKU702,Widget A,2024-02-02,177.0,13.0,10.0
SKU328,Widget A,2024-02-01,106.0,8.0,8.0
SKU341,Widget A,2024-01-31,195.0,8.0,9.0
SKU244,Widget A,2024-01-30,187.0,5.0,10.0
SKU659,Widget A,2024-01-29,94.0,17.0,10.0
SKU297,Widget A,2024-01-28,168.0,18.0,7.0
SKU820,Widget A,2024-01-27,152.0,24.0,10.0
SKU762,Widget A,2024-01-26,144.0,7.0,
SKU276,Widget A,2024-01-25,73.0,25.0,7.0
SKU258,Widget A,2024-01-24,67.0,10.0,5.0
SKU710,Widget A,2024-01-23,143.0,20.0,10.0
SKU653,Widget B,2025-02-25,,21.0,3.0
SKU152,Widget B,2025-02-24,85.0,6.0,6.0
SKU920,Widget B,2025-02-23,173.0,14.0,8.0
SKU426,Widget B,2025-02-22,147.0,7.0,5.0
SKU712,Widget B,2025-02-21,50.0,10.0,
SKU550,Widget B,2025-02-20,112.0,25.0,10.0
SKU985,Widget B,2025-02-19,137.0,11.0,8.0
SKU253,Widget B,2025-02-18,133.0,19.0,10.0
SKU828,Widget B,2025-02-17,50.0,18.0,7.0
SKU106,Widget B,2025-02-16,63.0,7.0,5.0
SKU951,Widget B,2025-02-15,168.0,14.0,5.0
SKU443,Widget B,2025-02-14,93.0,6.0,4.0
SKU745,Widget B,2025-02-13,182.0,14.0,8.0
SKU127,Widget B,2025-02-12,,7.0,6.0
SKU193,Widget B,2025-02-11,87.0,11.0,8.0
SKU697,Widget B,2025-02-10,122.0,,4.0
SKU876,Widget B,2025-02-09,57.0,20.0,6.0
SKU768,Widget B,2025-02-08,,12.0,7.0
SKU434,Widget B,2025-02-07,167.0,16.0,9.0
SKU382,Widget B,2025-02-06,186.0,9.0,4.0
SKU695,Widget B,2025-02-05,77.0,18.0,3.0
SKU335,Widget B,2025-02-04,82.0,24.0,7.0
SKU377,Widget B,2025-02-03,196.0,17.0,5.0
SKU875,Widget B,2025-02-02,98.0,7.0,9.0
SKU378,Widget B,2025-02-01,194.0,18.0,5.0
SKU668,Widget B,2025-01-31,142.0,,5.0
SKU133,Widget B,2025-01-30,134.0,21.0,5.0
SKU557,Widget B,2025-01-29,130.0,21.0,6.0
SKU280,Widget B,2025-01-28,103.0,9.0,9.0
SKU108,Widget B,2025-01-27,144.0,19.0,9.0
SKU405,Widget B,2025-01-26,86.0,,5.0
SKU891,Widget B,2025-01-25,58.0,13.0,10.0
SKU849,Widget B,2025-01-24,143.0,6.0,
SKU998,Widget B,2025-01-23,200.0,12.0,6.0
SKU408,Widget B,2025-01-22,78.0,17.0,4.0
SKU576,Widget B,2025-01-21,,15.0,6.0
SKU419,Widget B,2025-01-20,98.0,12.0,4.0
SKU947,Widget B,2025-01-19,137.0,25.0,3.0
SKU571,Widget B,2025-01-18,143.0,10.0,7.0
SKU463,Widget B,2025-01-17,158.0,16.0,4.0
SKU249,Widget B,2025-01-16,116.0,24.0,6.0
SKU675,Widget B,2025-01-15,,5.0,4.0
SKU626,Widget B,2025-01-14,,22.0,9.0
SKU333,Widget B,2025-01-13,80.0,23.0,10.0
SKU557,Widget B,2025-01-12,197.0,11.0,
SKU937,Widget B,2025-01-11,116.0,,9.0
SKU370,Widget B,2025-01-10,51.0,8.0,5.0
SKU509,Widget B,2025-01-09,192.0,,10.0
SKU607,Widget B,2025-01-08,134.0,19.0,3.0
SKU577,Widget B,2025-01-07,141.0,24.0,10.0
SKU570,Widget B,2025-01-06,135.0,8.0,7.0
SKU515,Widget B,2025-01-05,,13.0,6.0
SKU796,Widget B,2025-01-04,125.0,22.0,10.0
SKU362,Widget B,2025-01-03,107.0,15.0,5.0
SKU392,Widget B,2025-01-02,162.0,11.0,3.0
SKU843,Widget B,2025-01-01,171.0,10.0,9.0
SKU968,Widget B,2024-12-31,99.0,19.0,7.0
SKU499,Widget B,2024-12-30,132.0,9.0,4.0
SKU837,Widget B,2024-12-29,145.0,5.0,7.0
SKU576,Widget B,2024-12-28,106.0,8.0,6.0
SKU821,Widget B,2024-12-27,115.0,6.0,
SKU492,Widget B,,77.0,24.0,8.0
SKU720,Widget B,2024-12-25,89.0,10.0,6.0
SKU264,Widget B,2024-12-24,174.0,8.0,3.0
SKU206,Widget B,2024-12-23,193.0,10.0,6.0
SKU133,Widget B,2024-12-22,170.0,21.0,
SKU798,Widget B,2024-12-21,137.0,14.0,8.0
SKU500,Widget B,2024-12-20,200.0,6.0,3.0
SKU433,Widget B,,67.0,20.0,6.0
SKU383,Widget B,2024-12-18,164.0,15.0,10.0
SKU124,Widget B,2024-12-17,178.0,6.0,5.0
SKU470,Widget B,2024-12-16,86.0,8.0,5.0
SKU361,Widget B,2024-12-15,110.0,12.0,4.0
SKU439,Widget B,2024-12-14,95.0,24.0,4.0
SKU582,Widget B,2024-12-13,119.0,5.0,6.0
SKU591,Widget B,2024-12-12,134.0,5.0,5.0
SKU780,Widget B,2024-12-11,64.0,22.0,10.0
SKU286,Widget B,2024-12-10,146.0,9.0,9.0
SKU896,Widget B,2024-12-09,120.0,20.0,9.0
SKU594,Widget B,2024-12-08,68.0,9.0,6.0
SKU636,Widget B,2024-12-07,168.0,12.0,8.0
SKU813,Widget B,2024-12-06,69.0,21.0,5.0
SKU564,Widget B,2024-12-05,61.0,14.0,9.0
SKU337,Widget B,2024-12-04,98.0,16.0,3.0
SKU679,Widget B,,93.0,9.0,4.0
SKU914,Widget B,2024-12-02,151.0,20.0,7.0
SKU776,Widget B,2024-12-01,84.0,,10.0
SKU287,Widget B,2024-11-30,72.0,18.0,4.0
SKU709,Widget B,2024-11-29,191.0,17.0,5.0
SKU455,Widget B,2024-11-28,118.0,10.0,4.0
SKU499,Widget B,2024-11-27,83.0,18.0,5.0
SKU189,Widget B,2024-11-26,125.0,5.0,9.0
SKU667,Widget B,2024-11-25,120.0,7.0,10.0
SKU295,Widget B,2024-11-24,85.0,,4.0
SKU713,Widget B,2024-11-23,80.0,6.0,3.0
SKU651,Widget B,2024-11-22,118.0,11.0,10.0
SKU921,Widget B,2024-11-21,104.0,25.0,10.0
SKU620,Widget B,2024-11-20,157.0,24.0,5.0
SKU885,Widget B,2024-11-19,81.0,12.0,4.0
SKU376,Widget B,2024-11-18,66.0,6.0,9.0
SKU292,Widget B,2024-11-17,109.0,25.0,5.0
SKU873,Widget B,2024-11-16,85.0,24.0,5.0
SKU785,Widget B,2024-11-15,68.0,17.0,5.0
SKU420,Widget B,2024-11-14,200.0,16.0,5.0
SKU906,Widget B,2024-11-13,85.0,6.0,4.0
SKU344,Widget B,2024-11-12,112.0,13.0,8.0
SKU230,Widget B,2024-11-11,123.0,7.0,10.0
SKU840,Widget B,2024-11-10,64.0,11.0,3.0
SKU199,Widget B,,98.0,9.0,5.0
SKU709,Widget B,2024-11-08,157.0,17.0,4.0
SKU657,Widget B,2024-11-07,186.0,6.0,3.0
SKU624,Widget B,2024-11-06,185.0,15.0,5.0
SKU419,Widget B,2024-11-05,54.0,18.0,5.0
SKU655,Widget B,2024-11-04,99.0,24.0,3.0
SKU719,Widget B,2024-11-03,200.0,,8.0
SKU453,Widget B,2024-11-02,190.0,9.0,3.0
SKU610,Widget B,2024-11-01,81.0,17.0,6.0
SKU165,Widget B,2024-10-31,62.0,17.0,9.0
SKU126,Widget B,2024-10-30,51.0,13.0,7.0
SKU930,Widget B,2024-10-29,85.0,23.0,6.0
SKU428,Widget B,2024-10-28,174.0,7.0,7.0
SKU239,Widget B,2024-10-27,132.0,21.0,
SKU631,Widget B,2024-10-26,74.0,24.0,9.0
SKU541,Widget B,2024-10-25,155.0,15.0,8.0
SKU226,Widget B,2024-10-24,,8.0,8.0
SKU793,Widget B,2024-10-23,162.0,8.0,7.0
SKU827,Widget B,2024-10-22,82.0,8.0,9.0
SKU609,Widget B,2024-10-21,168.0,23.0,4.0
SKU378,Widget B,2024-10-20,167.0,17.0,9.0
SKU990,Widget B,2024-10-19,131.0,9.0,4.0
SKU179,Widget B,2024-10-18,120.0,10.0,7.0
SKU433,Widget B,2024-10-17,102.0,6.0,3.0
SKU160,Widget B,2024-10-16,140.0,23.0,7.0
SKU745,Widget B,2024-10-15,157.0,25.0,7.0
SKU724,Widget B,2024-10-14,115.0,14.0,10.0
SKU711,Widget B,2024-10-13,119.0,18.0,8.0
SKU675,Widget B,2024-10-12,162.0,16.0,5.0
SKU967,Widget B,2024-10-11,147.0,25.0,7.0
SKU525,Widget B,2024-10-10,172.0,18.0,10.0
SKU351,Widget B,2024-10-09,125.0,14.0,6.0
SKU474,Widget B,2024-10-08,96.0,14.0,9.0
SKU415,Widget B,2024-10-07,151.0,24.0,5.0
SKU968,Widget B,2024-10-06,63.0,18.0,4.0
SKU460,Widget B,,67.0,15.0,4.0
SKU197,Widget B,2024-10-04,131.0,17.0,8.0
SKU233,Widget B,2024-10-03,,12.0,7.0
SKU682,Widget B,2024-10-02,68.0,22.0,7.0
SKU394,Widget B,2024-10-01,122.0,15.0,10.0
SKU961,Widget B,2024-09-30,183.0,6.0,5.0
SKU635,Widget B,2024-09-29,69.0,24.0,9.0
SKU887,Widget B,2024-09-28,66.0,22.0,6.0
SKU951,Widget B,2024-09-27,71.0,23.0,3.0
SKU648,Widget B,2024-09-26,117.0,,5.0
SKU303,Widget B,2024-09-25,150.0,6.0,
SKU483,Widget B,2024-09-24,197.0,15.0,3.0
SKU501,Widget B,2024-09-23,190.0,10.0,7.0
SKU884,Widget B,2024-09-22,197.0,17.0,4.0
SKU297,Widget B,2024-09-21,92.0,13.0,10.0
SKU172,Widget B,2024-09-20,60.0,15.0,
SKU509,Widget B,2024-09-19,88.0,6.0,8.0
SKU991,Widget B,2024-09-18,169.0,11.0,8.0
SKU606,Widget B,2024-09-17,130.0,24.0,6.0
SKU134,Widget B,2024-09-16,68.0,8.0,3.0
SKU869,Widget B,2024-09-15,85.0,9.0,3.0
SKU150,Widget B,2024-09-14,193.0,17.0,8.0
SKU237,Widget B,2024-09-13,90.0,24.0,10.0
SKU787,Widget B,2024-09-12,107.0,15.0,10.0
SKU381,Widget B,2024-09-11,87.0,16.0,3.0
SKU835,Widget B,2024-09-10,103.0,12.0,8.0
SKU715,Widget B,2024-09-09,90.0,20.0,5.0
SKU346,Widget B,2024-09-08,95.0,13.0,6.0
SKU553,Widget B,2024-09-07,115.0,6.0,9.0
SKU612,Widget B,2024-09-06,129.0,20.0,8.0
SKU515,Widget B,2024-09-05,87.0,21.0,4.0
SKU867,Widget B,2024-09-04,105.0,11.0,3.0
SKU998,Widget B,2024-09-03,82.0,16.0,9.0
SKU881,Widget B,2024-09-02,189.0,7.0,10.0
SKU862,Widget B,2024-09-01,195.0,16.0,
SKU886,Widget B,2024-08-31,91.0,20.0,8.0
SKU917,Widget B,2024-08-30,78.0,17.0,9.0
SKU933,Widget B,2024-08-29,103.0,11.0,4.0
SKU638,Widget B,2024-08-28,132.0,5.0,10.0
SKU121,Widget B,2024-08-27,90.0,,6.0
SKU287,Widget B,2024-08-26,111.0,21.0,5.0
SKU188,Widget B,2024-08-25,92.0,6.0,10.0
SKU626,Widget B,,162.0,19.0,10.0
SKU226,Widget B,2024-08-23,94.0,11.0,9.0
SKU198,Widget B,2024-08-22,195.0,10.0,8.0
SKU972,Widget B,2024-08-21,79.0,20.0,9.0
SKU447,Widget B,2024-08-20,148.0,6.0,6.0
SKU629,Widget B,2024-08-19,144.0,14.0,9.0
SKU259,Widget B,2024-08-18,150.0,22.0,7.0
SKU169,Widget B,2024-08-17,50.0,15.0,10.0
SKU567,Widget B,2024-08-16,197.0,6.0,7.0
SKU972,Widget B,2024-08-15,,11.0,5.0
SKU773,Widget B,2024-08-14,58.0,25.0,3.0
SKU854,Widget B,2024-08-13,161.0,5.0,4.0
SKU926,Widget B,2024-08-12,65.0,14.0,7.0
SKU403,Widget B,2024-08-11,83.0,5.0,8.0
SKU178,Widget B,2024-08-10,130.0,25.0,6.0
SKU247,Widget B,2024-08-09,103.0,8.0,8.0
SKU775,Widget B,2024-08-08,77.0,14.0,10.0
SKU699,Widget B,2024-08-07,158.0,21.0,3.0
SKU922,Widget B,2024-08-06,100.0,16.0,6.0
SKU886,Widget B,2024-08-05,67.0,22.0,4.0
SKU521,Widget B,2024-08-04,143.0,25.0,10.0
SKU862,Widget B,2024-08-03,164.0,23.0,5.0
SKU208,Widget B,2024-08-02,134.0,25.0,6.0
SKU836,Widget B,2024-08-01,141.0,15.0,
SKU996,Widget B,2024-07-31,149.0,10.0,6.0
SKU315,Widget B,2024-07-30,127.0,6.0,3.0
SKU239,Widget B,2024-07-29,144.0,21.0,6.0
SKU126,Widget B,2024-07-28,167.0,13.0,5.0
SKU257,Widget B,2024-07-27,140.0,19.0,7.0
SKU716,Widget B,,142.0,19.0,6.0
SKU958,Widget B,2024-07-25,125.0,14.0,3.0
SKU343,Widget B,2024-07-24,62.0,19.0,7.0
SKU967,Widget B,2024-07-23,163.0,16.0,4.0
SKU197,Widget B,2024-07-22,169.0,19.0,8.0
SKU254,Widget B,2024-07-21,161.0,18.0,7.0
SKU361,Widget B,2024-07-20,141.0,23.0,
SKU821,Widget B,2024-07-19,175.0,24.0,5.0
SKU706,Widget B,2024-07-18,,15.0,5.0
SKU510,Widget B,2024-07-17,130.0,17.0,4.0
SKU593,Widget B,2024-07-16,131.0,18.0,9.0
SKU741,Widget B,2024-07-15,136.0,18.0,8.0
SKU175,Widget B,2024-07-14,187.0,22.0,9.0
SKU463,Widget B,2024-07-13,138.0,24.0,10.0
SKU918,Widget B,2024-07-12,68.0,25.0,5.0
SKU828,Widget B,2024-07-11,157.0,22.0,4.0
SKU100,Widget B,2024-07-10,178.0,14.0,5.0
SKU783,Widget B,2024-07-09,85.0,,10.0
SKU617,Widget B,2024-07-08,114.0,9.0,10.0
SKU869,Widget B,2024-07-07,150.0,23.0,5.0
SKU453,Widget B,2024-07-06,180.0,9.0,10.0
SKU591,Widget B,2024-07-05,111.0,16.0,5.0
SKU158,Widget B,2024-07-04,54.0,11.0,6.0
SKU331,Widget B,2024-07-03,118.0,7.0,
SKU720,Widget B,2024-07-02,154.0,13.0,9.0
SKU983,Widget B,2024-07-01,58.0,6.0,4.0
SKU345,Widget B,2024-06-30,93.0,20.0,3.0
SKU212,Widget B,2024-06-29,189.0,7.0,6.0
SKU475,Widget B,2024-06-28,199.0,12.0,5.0
SKU422,Widget B,,162.0,18.0,7.0
SKU650,Widget B,2024-06-26,67.0,22.0,
SKU541,Widget B,2024-06-25,157.0,11.0,4.0
SKU794,Widget B,2024-06-24,137.0,17.0,
SKU398,Widget B,,54.0,12.0,7.0
SKU659,Widget B,2024-06-22,51.0,17.0,
SKU346,Widget B,2024-06-21,119.0,6.0,4.0
SKU742,Widget B,2024-06-20,77.0,7.0,6.0
SKU624,Widget B,,180.0,10.0,5.0
SKU661,Widget B,2024-06-18,123.0,,10.0
SKU539,Widget B,2024-06-17,152.0,5.0,9.0
SKU610,Widget B,2024-06-16,93.0,19.0,6.0
SKU377,Widget B,2024-06-15,166.0,12.0,6.0
SKU543,Widget B,2024-06-14,179.0,11.0,7.0
SKU410,Widget B,2024-06-13,71.0,,10.0
SKU796,Widget B,2024-06-12,106.0,9.0,
SKU220,Widget B,2024-06-11,118.0,11.0,9.0
SKU759,Widget B,2024-06-10,161.0,25.0,4.0
SKU869,Widget B,2024-06-09,146.0,5.0,4.0
SKU330,Widget B,2024-06-08,142.0,11.0,3.0
SKU996,Widget B,2024-06-07,153.0,8.0,8.0
SKU883,Widget B,2024-06-06,109.0,23.0,6.0
SKU527,Widget B,2024-06-05,121.0,12.0,7.0
SKU782,Widget B,2024-06-04,193.0,13.0,10.0
SKU971,Widget B,2024-06-03,198.0,13.0,8.0
SKU868,Widget B,2024-06-02,106.0,10.0,6.0
SKU193,Widget B,,130.0,10.0,9.0
SKU869,Widget B,2024-05-31,102.0,10.0,6.0
SKU785,Widget B,2024-05-30,107.0,17.0,10.0
SKU887,Widget B,2024-05-29,160.0,13.0,5.0
SKU120,Widget B,2024-05-28,112.0,15.0,8.0
SKU926,Widget B,2024-05-27,72.0,7.0,
SKU259,Widget B,2024-05-26,93.0,23.0,6.0
SKU536,Widget B,2024-05-25,,20.0,9.0
SKU351,Widget B,2024-05-24,144.0,24.0,4.0
SKU429,Widget B,2024-05-23,58.0,15.0,7.0
SKU793,Widget B,2024-05-22,80.0,21.0,3.0
SKU592,Widget B,2024-05-21,183.0,17.0,7.0
SKU596,Widget B,2024-05-20,180.0,20.0,7.0
SKU855,Widget B,2024-05-19,77.0,15.0,7.0
SKU690,Widget B,2024-05-18,,11.0,6.0
SKU105,Widget B,2024-05-17,99.0,23.0,9.0
SKU183,Widget B,2024-05-16,200.0,,10.0
SKU228,Widget B,2024-05-15,163.0,16.0,3.0
SKU398,Widget B,2024-05-14,95.0,19.0,8.0
SKU768,Widget B,2024-05-13,168.0,22.0,4.0
SKU797,Widget B,2024-05-12,89.0,16.0,6.0
SKU688,Widget B,2024-05-11,146.0,8.0,8.0
SKU521,Widget B,2024-05-10,123.0,13.0,8.0
SKU830,Widget B,2024-05-09,115.0,,6.0
SKU397,Widget B,2024-05-08,179.0,14.0,6.0
SKU206,Widget B,2024-05-07,70.0,14.0,8.0
SKU291,Widget B,2024-05-06,169.0,22.0,
SKU972,Widget B,2024-05-05,83.0,13.0,6.0
SKU908,Widget B,2024-05-04,178.0,9.0,4.0
SKU257,Widget B,2024-05-03,55.0,12.0,8.0
SKU663,Widget B,2024-05-02,81.0,7.0,9.0
SKU421,Widget B,2024-05-01,64.0,25.0,7.0
SKU618,Widget B,2024-04-30,,11.0,7.0
SKU609,Widget B,2024-04-29,123.0,8.0,9.0
SKU542,Widget B,,192.0,13.0,10.0
SKU773,Widget B,2024-04-27,161.0,7.0,6.0
SKU695,Widget B,2024-04-26,161.0,24.0,4.0
SKU608,Widget B,2024-04-25,195.0,17.0,8.0
SKU358,Widget B,2024-04-24,88.0,25.0,6.0
SKU887,Widget B,2024-04-23,81.0,15.0,10.0
SKU130,Widget B,2024-04-22,189.0,22.0,4.0
SKU292,Widget B,2024-04-21,78.0,13.0,4.0
SKU222,Widget B,2024-04-20,181.0,5.0,8.0
SKU672,Widget B,2024-04-19,98.0,13.0,5.0
SKU782,Widget B,2024-04-18,84.0,23.0,3.0
SKU159,Widget B,,120.0,7.0,10.0
SKU209,Widget B,2024-04-16,60.0,14.0,5.0
SKU280,Widget B,2024-04-15,157.0,12.0,4.0
SKU877,Widget B,2024-04-14,96.0,6.0,
SKU772,Widget B,2024-04-13,136.0,23.0,4.0
SKU374,Widget B,2024-04-12,199.0,8.0,10.0
SKU469,Widget B,,68.0,12.0,3.0
SKU220,Widget B,2024-04-10,82.0,16.0,6.0
SKU705,Widget B,2024-04-09,147.0,7.0,8.0
SKU111,Widget B,2024-04-08,119.0,9.0,8.0
SKU471,Widget B,2024-04-07,110.0,17.0,10.0
SKU878,Widget B,2024-04-06,164.0,14.0,10.0
SKU745,Widget B,2024-04-05,141.0,20.0,10.0
SKU899,Widget B,2024-04-04,181.0,18.0,10.0
SKU837,Widget B,2024-04-03,162.0,21.0,6.0
SKU659,Widget B,2024-04-02,103.0,15.0,4.0
SKU335,Widget B,2024-04-01,143.0,12.0,8.0
SKU848,Widget B,2024-03-31,53.0,11.0,6.0
SKU783,Widget B,2024-03-30,60.0,15.0,9.0
SKU924,Widget B,2024-03-29,78.0,14.0,10.0
SKU115,Widget B,2024-03-28,144.0,16.0,10.0
SKU746,Widget B,2024-03-27,,15.0,3.0
SKU989,Widget B,2024-03-26,130.0,14.0,6.0
SKU330,Widget B,2024-03-25,187.0,12.0,4.0
SKU384,Widget B,2024-03-24,56.0,22.0,8.0
SKU470,Widget B,2024-03-23,144.0,21.0,7.0
SKU814,Widget B,2024-03-22,65.0,12.0,6.0
SKU584,Widget B,2024-03-21,172.0,24.0,4.0
SKU904,Widget B,2024-03-20,134.0,6.0,9.0
SKU682,Widget B,2024-03-19,142.0,13.0,5.0
SKU790,Widget B,2024-03-18,69.0,23.0,4.0
SKU112,Widget B,2024-03-17,135.0,16.0,10.0
SKU201,Widget B,2024-03-16,198.0,20.0,7.0
SKU651,Widget B,2024-03-15,103.0,10.0,10.0
SKU130,Widget B,2024-03-14,66.0,13.0,
SKU605,Widget B,2024-03-13,157.0,22.0,8.0
SKU505,Widget B,2024-03-12,71.0,13.0,6.0
SKU519,Widget B,2024-03-11,183.0,23.0,3.0
SKU205,Widget B,2024-03-10,135.0,11.0,8.0
SKU850,Widget B,2024-03-09,199.0,8.0,5.0
SKU878,Widget B,2024-03-08,94.0,8.0,3.0
SKU241,Widget B,2024-03-07,80.0,21.0,9.0
SKU621,Widget B,2024-03-06,58.0,18.0,5.0
SKU313,Widget B,2024-03-05,137.0,17.0,4.0
SKU913,Widget B,2024-03-04,,11.0,5.0
SKU858,Widget B,2024-03-03,150.0,11.0,6.0
SKU524,Widget B,2024-03-02,152.0,18.0,10.0
SKU741,Widget B,2024-03-01,128.0,10.0,4.0
SKU470,Widget B,2024-02-29,50.0,8.0,6.0
SKU137,Widget B,2024-02-28,,10.0,5.0
SKU890,Widget B,2024-02-27,98.0,6.0,5.0
SKU952,Widget B,2024-02-26,194.0,15.0,10.0
SKU651,Widget B,2024-02-25,71.0,17.0,8.0
SKU858,Widget B,2024-02-24,154.0,7.0,
SKU874,Widget B,2024-02-23,,6.0,3.0
SKU465,Widget B,2024-02-22,113.0,17.0,6.0
SKU442,Widget B,2024-02-21,158.0,25.0,3.0
SKU733,Widget B,2024-02-20,65.0,22.0,4.0
SKU850,Widget B,2024-02-19,175.0,10.0,7.0
SKU273,Widget B,2024-02-18,124.0,17.0,4.0
SKU958,Widget B,2024-02-17,101.0,12.0,
SKU136,Widget B,2024-02-16,124.0,6.0,7.0
SKU161,Widget B,2024-02-15,72.0,6.0,7.0
SKU746,Widget B,2024-02-14,120.0,18.0,7.0
SKU962,Widget B,2024-02-13,162.0,21.0,7.0
SKU616,Widget B,2024-02-12,149.0,17.0,8.0
SKU778,Widget B,2024-02-11,186.0,5.0,5.0
SKU539,Widget B,2024-02-10,51.0,10.0,3.0
SKU871,Widget B,2024-02-09,125.0,16.0,5.0
SKU224,Widget B,2024-02-08,151.0,22.0,4.0
SKU193,Widget B,2024-02-07,132.0,24.0,3.0
SKU790,Widget B,2024-02-06,184.0,17.0,8.0
SKU665,Widget B,,146.0,23.0,6.0
SKU312,Widget B,2024-02-04,68.0,24.0,4.0
SKU815,Widget B,2024-02-03,164.0,10.0,4.0
SKU581,Widget B,2024-02-02,127.0,25.0,7.0
SKU906,Widget B,2024-02-01,86.0,16.0,5.0
SKU983,Widget B,2024-01-31,80.0,14.0,3.0
SKU449,Widget B,2024-01-30,121.0,15.0,4.0
SKU741,Widget B,,153.0,6.0,4.0
SKU854,Widget B,2024-01-28,190.0,23.0,4.0
SKU979,Widget B,2024-01-27,,18.0,8.0
SKU749,Widget B,2024-01-26,125.0,13.0,5.0
SKU258,Widget B,2024-01-25,175.0,25.0,5.0
SKU549,Widget B,2024-01-24,167.0,,9.0
SKU369,Widget B,2024-01-23,,16.0,4.0
SKU488,Widget C,2025-02-25,184.0,10.0,10.0
SKU321,Widget C,2025-02-24,61.0,15.0,5.0
SKU563,Widget C,2025-02-23,71.0,21.0,
SKU603,Widget C,2025-02-22,170.0,,8.0
SKU239,Widget C,2025-02-21,95.0,15.0,
SKU331,Widget C,2025-02-20,190.0,5.0,10.0
SKU975,Widget C,2025-02-19,152.0,,10.0
SKU485,Widget C,2025-02-18,165.0,24.0,5.0
SKU828,Widget C,2025-02-17,163.0,24.0,6.0
SKU975,Widget C,2025-02-16,110.0,22.0,
SKU430,Widget C,,93.0,7.0,8.0
SKU433,Widget C,2025-02-14,153.0,9.0,6.0
SKU441,Widget C,2025-02-13,148.0,9.0,7.0
SKU903,Widget C,2025-02-12,139.0,19.0,8.0
SKU282,Widget C,2025-02-11,100.0,21.0,5.0
SKU286,Widget C,2025-02-10,166.0,21.0,9.0
SKU367,Widget C,,53.0,6.0,6.0
SKU642,Widget C,2025-02-08,166.0,25.0,
SKU581,Widget C,2025-02-07,161.0,17.0,9.0
SKU896,Widget C,2025-02-06,129.0,13.0,8.0
SKU302,Widget C,2025-02-05,108.0,13.0,4.0
SKU941,Widget C,2025-02-04,190.0,8.0,5.0
SKU459,Widget C,2025-02-03,164.0,18.0,5.0
SKU936,Widget C,2025-02-02,65.0,12.0,7.0
SKU971,Widget C,2025-02-01,,24.0,10.0
SKU726,Widget C,2025-01-31,110.0,20.0,9.0
SKU518,Widget C,2025-01-30,178.0,13.0,5.0
SKU953,Widget C,2025-01-29,111.0,9.0,4.0
SKU461,Widget C,2025-01-28,165.0,22.0,6.0
SKU957,Widget C,2025-01-27,81.0,21.0,8.0
SKU879,Widget C,2025-01-26,173.0,18.0,5.0
SKU734,Widget C,2025-01-25,69.0,23.0,5.0
SKU942,Widget C,2025-01-24,162.0,14.0,7.0
SKU964,Widget C,2025-01-23,94.0,,8.0
SKU680,Widget C,2025-01-22,77.0,9.0,4.0
SKU356,Widget C,2025-01-21,173.0,16.0,9.0
SKU686,Widget C,,157.0,21.0,10.0
SKU901,Widget C,2025-01-19,118.0,12.0,7.0
SKU349,Widget C,2025-01-18,185.0,22.0,
SKU816,Widget C,2025-01-17,83.0,18.0,5.0
SKU945,Widget C,2025-01-16,196.0,5.0,9.0
SKU167,Widget C,2025-01-15,,17.0,4.0
SKU117,Widget C,2025-01-14,109.0,11.0,
SKU756,Widget C,2025-01-13,189.0,21.0,6.0
SKU971,Widget C,,107.0,15.0,3.0
SKU870,Widget C,2025-01-11,94.0,10.0,10.0
SKU100,Widget C,2025-01-10,116.0,20.0,7.0
SKU340,Widget C,2025-01-09,126.0,6.0,6.0
SKU489,Widget C,2025-01-08,152.0,7.0,6.0
SKU166,Widget C,2025-01-07,78.0,16.0,7.0
SKU335,Widget C,2025-01-06,145.0,20.0,5.0
SKU956,Widget C,2025-01-05,110.0,22.0,6.0
SKU579,Widget C,2025-01-04,125.0,5.0,5.0
SKU993,Widget C,2025-01-03,66.0,,5.0
SKU594,Widget C,2025-01-02,96.0,16.0,8.0
SKU276,Widget C,2025-01-01,164.0,,4.0
SKU577,Widget C,2024-12-31,100.0,12.0,10.0
SKU707,Widget C,2024-12-30,165.0,,8.0
SKU869,Widget C,2024-12-29,167.0,8.0,10.0
SKU396,Widget C,2024-12-28,159.0,10.0,7.0
SKU217,Widget C,,158.0,21.0,9.0
SKU422,Widget C,2024-12-26,117.0,13.0,9.0
SKU191,Widget C,2024-12-25,144.0,10.0,4.0
SKU248,Widget C,2024-12-24,192.0,16.0,3.0
SKU299,Widget C,2024-12-23,127.0,7.0,8.0
SKU603,Widget C,2024-12-22,51.0,22.0,9.0
SKU188,Widget C,,120.0,15.0,6.0
SKU127,Widget C,2024-12-20,74.0,13.0,8.0
SKU713,Widget C,2024-12-19,191.0,9.0,4.0
SKU536,Widget C,2024-12-18,172.0,,7.0
SKU737,Widget C,2024-12-17,116.0,5.0,7.0
SKU823,Widget C,2024-12-16,166.0,10.0,3.0
SKU242,Widget C,2024-12-15,152.0,23.0,7.0
SKU921,Widget C,2024-12-14,,15.0,8.0
SKU910,Widget C,2024-12-13,178.0,8.0,10.0
SKU979,Widget C,2024-12-12,128.0,14.0,3.0
SKU700,Widget C,2024-12-11,98.0,18.0,8.0
SKU961,Widget C,2024-12-10,106.0,,10.0
SKU666,Widget C,2024-12-09,192.0,15.0,7.0
SKU658,Widget C,2024-12-08,126.0,20.0,5.0
SKU198,Widget C,2024-12-07,157.0,13.0,7.0
SKU857,Widget C,2024-12-06,60.0,25.0,8.0
SKU516,Widget C,2024-12-05,199.0,13.0,3.0
SKU897,Widget C,2024-12-04,69.0,20.0,8.0
SKU165,Widget C,2024-12-03,54.0,25.0,9.0
SKU935,Widget C,,145.0,24.0,3.0
SKU900,Widget C,2024-12-01,90.0,9.0,3.0
SKU372,Widget C,2024-11-30,74.0,7.0,7.0
SKU370,Widget C,2024-11-29,198.0,15.0,9.0
SKU664,Widget C,2024-11-28,,6.0,6.0
SKU777,Widget C,2024-11-27,67.0,17.0,8.0
SKU876,Widget C,2024-11-26,162.0,24.0,9.0
SKU790,Widget C,2024-11-25,115.0,25.0,6.0
SKU659,Widget C,2024-11-24,141.0,19.0,6.0
SKU122,Widget C,2024-11-23,157.0,5.0,8.0
SKU315,Widget C,2024-11-22,183.0,15.0,9.0
SKU933,Widget C,2024-11-21,174.0,19.0,10.0
SKU607,Widget C,2024-11-20,81.0,9.0,4.0
SKU379,Widget C,2024-11-19,171.0,5.0,5.0
SKU798,Widget C,2024-11-18,62.0,19.0,8.0
SKU357,Widget C,2024-11-17,171.0,15.0,9.0
SKU687,Widget C,2024-11-16,162.0,17.0,8.0
SKU269,Widget C,2024-11-15,169.0,6.0,3.0
SKU287,Widget C,2024-11-14,141.0,15.0,5.0
SKU985,Widget C,2024-11-13,102.0,5.0,
SKU333,Widget C,2024-11-12,,21.0,5.0
SKU984,Widget C,2024-11-11,196.0,10.0,5.0
SKU145,Widget C,2024-11-10,138.0,15.0,8.0
SKU516,Widget C,2024-11-09,132.0,10.0,7.0
SKU483,Widget C,2024-11-08,125.0,15.0,4.0
SKU542,Widget C,2024-11-07,103.0,15.0,9.0
SKU337,Widget C,2024-11-06,92.0,15.0,
SKU540,Widget C,2024-11-05,150.0,11.0,5.0
SKU425,Widget C,2024-11-04,62.0,19.0,
SKU874,Widget C,2024-11-03,87.0,24.0,8.0
SKU216,Widget C,2024-11-02,142.0,6.0,10.0
SKU437,Widget C,2024-11-01,92.0,23.0,9.0
SKU704,Widget C,2024-10-31,144.0,17.0,8.0
SKU532,Widget C,2024-10-30,198.0,11.0,5.0
SKU401,Widget C,2024-10-29,,17.0,4.0
SKU188,Widget C,2024-10-28,149.0,6.0,4.0
SKU833,Widget C,2024-10-27,69.0,12.0,7.0
SKU853,Widget C,2024-10-26,63.0,18.0,7.0
SKU785,Widget C,2024-10-25,124.0,19.0,10.0
SKU450,Widget C,2024-10-24,182.0,22.0,3.0
SKU549,Widget C,2024-10-23,184.0,,9.0
SKU850,Widget C,2024-10-22,195.0,25.0,3.0
SKU404,Widget C,2024-10-21,52.0,17.0,9.0
SKU205,Widget C,2024-10-20,160.0,5.0,6.0
SKU854,Widget C,2024-10-19,99.0,19.0,10.0
SKU783,Widget C,2024-10-18,55.0,14.0,4.0
SKU635,Widget C,2024-10-17,173.0,6.0,3.0
SKU702,Widget C,2024-10-16,174.0,13.0,8.0
SKU178,Widget C,2024-10-15,153.0,15.0,7.0
SKU606,Widget C,2024-10-14,99.0,10.0,9.0
SKU961,Widget C,2024-10-13,161.0,23.0,6.0
SKU888,Widget C,2024-10-12,52.0,9.0,6.0
SKU870,Widget C,2024-10-11,125.0,15.0,8.0
SKU632,Widget C,2024-10-10,130.0,6.0,7.0
SKU480,Widget C,2024-10-09,189.0,21.0,3.0
SKU496,Widget C,2024-10-08,121.0,15.0,6.0
SKU739,Widget C,2024-10-07,53.0,16.0,7.0
SKU633,Widget C,2024-10-06,84.0,20.0,
SKU429,Widget C,2024-10-05,136.0,7.0,9.0
SKU402,Widget C,2024-10-04,117.0,,3.0
SKU331,Widget C,2024-10-03,87.0,15.0,3.0
SKU838,Widget C,2024-10-02,109.0,23.0,10.0
SKU387,Widget C,2024-10-01,183.0,11.0,4.0
SKU942,Widget C,2024-09-30,195.0,9.0,10.0
SKU776,Widget C,2024-09-29,143.0,8.0,10.0
SKU820,Widget C,2024-09-28,93.0,,5.0
SKU851,Widget C,2024-09-27,53.0,7.0,3.0
SKU387,Widget C,2024-09-26,73.0,12.0,6.0
SKU626,Widget C,2024-09-25,58.0,24.0,3.0
SKU882,Widget C,2024-09-24,93.0,10.0,3.0
SKU247,Widget C,2024-09-23,73.0,6.0,7.0
SKU300,Widget C,2024-09-22,,15.0,7.0
SKU776,Widget C,2024-09-21,139.0,12.0,10.0
SKU127,Widget C,2024-09-20,182.0,15.0,10.0
SKU319,Widget C,2024-09-19,151.0,11.0,4.0
SKU459,Widget C,2024-09-18,86.0,14.0,6.0
SKU255,Widget C,2024-09-17,61.0,12.0,6.0
SKU191,Widget C,2024-09-16,84.0,23.0,3.0
SKU208,Widget C,2024-09-15,77.0,7.0,6.0
SKU202,Widget C,2024-09-14,127.0,25.0,4.0
SKU527,Widget C,2024-09-13,109.0,21.0,5.0
SKU320,Widget C,2024-09-12,115.0,20.0,8.0
SKU996,Widget C,2024-09-11,154.0,13.0,10.0
SKU397,Widget C,2024-09-10,151.0,5.0,4.0
SKU705,Widget C,2024-09-09,170.0,24.0,5.0
SKU327,Widget C,2024-09-08,54.0,11.0,4.0
SKU180,Widget C,2024-09-07,135.0,18.0,10.0
SKU446,Widget C,2024-09-06,102.0,10.0,10.0
SKU521,Widget C,2024-09-05,99.0,,3.0
SKU365,Widget C,2024-09-04,117.0,5.0,3.0
SKU478,Widget C,2024-09-03,,21.0,7.0
SKU477,Widget C,2024-09-02,107.0,23.0,4.0
SKU593,Widget C,2024-09-01,118.0,25.0,9.0
SKU919,Widget C,2024-08-31,89.0,8.0,
SKU981,Widget C,2024-08-30,81.0,6.0,10.0
SKU527,Widget C,2024-08-29,113.0,12.0,3.0
SKU447,Widget C,2024-08-28,113.0,14.0,7.0
SKU461,Widget C,2024-08-27,161.0,13.0,5.0
SKU355,Widget C,,114.0,10.0,6.0
SKU967,Widget C,2024-08-25,112.0,,5.0
SKU369,Widget C,2024-08-24,104.0,,10.0
SKU186,Widget C,2024-08-23,148.0,17.0,10.0
SKU725,Widget C,2024-08-22,192.0,16.0,4.0
SKU695,Widget C,2024-08-21,182.0,19.0,4.0
SKU355,Widget C,2024-08-20,,8.0,6.0
SKU732,Widget C,2024-08-19,145.0,11.0,8.0
SKU576,Widget C,2024-08-18,83.0,,3.0
SKU920,Widget C,2024-08-17,192.0,8.0,7.0
SKU385,Widget C,2024-08-16,72.0,6.0,7.0
SKU858,Widget C,2024-08-15,121.0,,3.0
SKU732,Widget C,2024-08-14,100.0,14.0,3.0
SKU512,Widget C,2024-08-13,,24.0,3.0
SKU474,Widget C,2024-08-12,54.0,,5.0
SKU907,Widget C,2024-08-11,77.0,13.0,5.0
SKU146,Widget C,2024-08-10,179.0,9.0,6.0
SKU743,Widget C,2024-08-09,162.0,5.0,7.0
SKU544,Widget C,2024-08-08,196.0,6.0,7.0
SKU975,Widget C,2024-08-07,94.0,14.0,9.0
SKU260,Widget C,2024-08-06,83.0,17.0,8.0
SKU984,Widget C,,142.0,6.0,5.0
SKU315,Widget C,2024-08-04,195.0,11.0,8.0
SKU335,Widget C,2024-08-03,62.0,6.0,10.0
SKU987,Widget C,2024-08-02,95.0,16.0,10.0
SKU255,Widget C,2024-08-01,163.0,5.0,7.0
SKU431,Widget C,2024-07-31,170.0,12.0,6.0
SKU129,Widget C,2024-07-30,193.0,21.0,10.0
SKU993,Widget C,,110.0,6.0,10.0
SKU979,Widget C,2024-07-28,84.0,23.0,4.0
SKU258,Widget C,2024-07-27,81.0,14.0,
SKU710,Widget C,2024-07-26,85.0,14.0,
SKU426,Widget C,2024-07-25,194.0,7.0,
SKU108,Widget C,2024-07-24,190.0,5.0,5.0
SKU551,Widget C,,200.0,20.0,7.0
SKU765,Widget C,2024-07-22,64.0,7.0,9.0
SKU541,Widget C,2024-07-21,151.0,9.0,3.0
SKU625,Widget C,2024-07-20,102.0,15.0,7.0
SKU366,Widget C,2024-07-19,98.0,9.0,10.0
SKU262,Widget C,2024-07-18,169.0,,3.0
SKU470,Widget C,2024-07-17,131.0,11.0,7.0
SKU131,Widget C,2024-07-16,60.0,11.0,10.0
SKU260,Widget C,2024-07-15,,6.0,10.0
SKU165,Widget C,2024-07-14,,10.0,8.0
SKU824,Widget C,2024-07-13,85.0,20.0,3.0
SKU870,Widget C,2024-07-12,86.0,20.0,3.0
SKU488,Widget C,2024-07-11,115.0,24.0,8.0
SKU391,Widget C,2024-07-10,91.0,22.0,4.0
SKU936,Widget C,2024-07-09,,20.0,5.0
SKU865,Widget C,2024-07-08,57.0,24.0,7.0
SKU563,Widget C,2024-07-07,71.0,24.0,7.0
SKU110,Widget C,2024-07-06,100.0,18.0,6.0
SKU417,Widget C,2024-07-05,93.0,20.0,4.0
SKU990,Widget C,2024-07-04,118.0,21.0,10.0
SKU184,Widget C,2024-07-03,164.0,8.0,10.0
SKU288,Widget C,2024-07-02,91.0,25.0,5.0
SKU805,Widget C,2024-07-01,186.0,6.0,9.0
SKU160,Widget C,2024-06-30,188.0,19.0,4.0
SKU934,Widget C,2024-06-29,138.0,19.0,6.0
SKU538,Widget C,,197.0,16.0,10.0
SKU689,Widget C,2024-06-27,96.0,20.0,3.0
SKU620,Widget C,2024-06-26,63.0,20.0,3.0
SKU779,Widget C,2024-06-25,193.0,18.0,8.0
SKU882,Widget C,2024-06-24,133.0,,4.0
SKU715,Widget C,2024-06-23,116.0,11.0,5.0
SKU467,Widget C,2024-06-22,158.0,14.0,5.0
SKU103,Widget C,,177.0,9.0,8.0
SKU921,Widget C,2024-06-20,165.0,10.0,9.0
SKU858,Widget C,2024-06-19,108.0,6.0,4.0
SKU262,Widget C,2024-06-18,161.0,14.0,3.0
SKU507,Widget C,2024-06-17,79.0,20.0,10.0
SKU828,Widget C,2024-06-16,116.0,,8.0
SKU389,Widget C,2024-06-15,120.0,,4.0
SKU879,Widget C,2024-06-14,84.0,24.0,6.0
SKU631,Widget C,2024-06-13,196.0,21.0,10.0
SKU937,Widget C,2024-06-12,54.0,24.0,7.0
SKU149,Widget C,2024-06-11,170.0,14.0,10.0
SKU926,Widget C,2024-06-10,83.0,14.0,9.0
SKU359,Widget C,2024-06-09,194.0,17.0,7.0
SKU873,Widget C,2024-06-08,129.0,22.0,8.0
SKU103,Widget C,2024-06-07,76.0,21.0,3.0
SKU750,Widget C,2024-06-06,112.0,12.0,6.0
SKU415,Widget C,2024-06-05,182.0,7.0,4.0
SKU584,Widget C,2024-06-04,,20.0,9.0
SKU246,Widget C,2024-06-03,126.0,19.0,10.0
SKU489,Widget C,2024-06-02,75.0,25.0,4.0
SKU982,Widget C,2024-06-01,181.0,21.0,7.0
SKU243,Widget C,2024-05-31,185.0,17.0,10.0
SKU101,Widget C,2024-05-30,139.0,17.0,3.0
SKU312,Widget C,2024-05-29,120.0,9.0,8.0
SKU505,Widget C,2024-05-28,160.0,9.0,9.0
SKU400,Widget C,2024-05-27,182.0,22.0,10.0
SKU607,Widget C,2024-05-26,120.0,,7.0
SKU342,Widget C,2024-05-25,,18.0,6.0
SKU784,Widget C,2024-05-24,151.0,14.0,5.0
SKU968,Widget C,2024-05-23,101.0,13.0,9.0
SKU714,Widget C,2024-05-22,188.0,8.0,6.0
SKU213,Widget C,2024-05-21,173.0,20.0,9.0
SKU566,Widget C,2024-05-20,121.0,21.0,6.0
SKU446,Widget C,2024-05-19,51.0,22.0,7.0
SKU210,Widget C,2024-05-18,69.0,18.0,10.0
SKU351,Widget C,2024-05-17,58.0,12.0,7.0
SKU583,Widget C,2024-05-16,172.0,21.0,10.0
SKU749,Widget C,2024-05-15,161.0,9.0,7.0
SKU400,Widget C,2024-05-14,,21.0,4.0
SKU857,Widget C,2024-05-13,125.0,15.0,10.0
SKU535,Widget C,2024-05-12,87.0,14.0,3.0
SKU221,Widget C,2024-05-11,82.0,14.0,10.0
SKU476,Widget C,2024-05-10,123.0,11.0,9.0
SKU851,Widget C,2024-05-09,166.0,20.0,3.0
SKU370,Widget C,2024-05-08,179.0,25.0,
SKU570,Widget C,2024-05-07,126.0,21.0,9.0
SKU868,Widget C,2024-05-06,91.0,5.0,7.0
SKU280,Widget C,2024-05-05,104.0,17.0,8.0
SKU824,Widget C,2024-05-04,198.0,18.0,7.0
SKU138,Widget C,2024-05-03,106.0,25.0,7.0
SKU531,Widget C,2024-05-02,130.0,20.0,9.0
SKU860,Widget C,2024-05-01,96.0,7.0,8.0
SKU505,Widget C,2024-04-30,163.0,18.0,9.0
SKU577,Widget C,2024-04-29,,7.0,8.0
SKU851,Widget C,2024-04-28,91.0,14.0,10.0
SKU302,Widget C,2024-04-27,172.0,12.0,7.0
SKU558,Widget C,2024-04-26,70.0,,6.0
SKU150,Widget C,2024-04-25,56.0,16.0,9.0
SKU701,Widget C,2024-04-24,106.0,25.0,6.0
SKU606,Widget C,2024-04-23,59.0,22.0,5.0
SKU394,Widget C,2024-04-22,126.0,19.0,10.0
SKU743,Widget C,2024-04-21,100.0,7.0,7.0
SKU166,Widget C,2024-04-20,162.0,17.0,8.0
SKU989,Widget C,2024-04-19,189.0,10.0,4.0
SKU687,Widget C,2024-04-18,96.0,24.0,4.0
SKU503,Widget C,2024-04-17,116.0,17.0,5.0
SKU813,Widget C,2024-04-16,167.0,8.0,4.0
SKU739,Widget C,2024-04-15,54.0,14.0,6.0
SKU843,Widget C,2024-04-14,63.0,18.0,3.0
SKU340,Widget C,2024-04-13,68.0,10.0,9.0
SKU289,Widget C,2024-04-12,132.0,5.0,
SKU891,Widget C,2024-04-11,130.0,7.0,7.0
SKU576,Widget C,2024-04-10,117.0,11.0,
SKU604,Widget C,2024-04-09,122.0,11.0,8.0
SKU971,Widget C,2024-04-08,127.0,12.0,10.0
SKU927,Widget C,2024-04-07,175.0,5.0,7.0
SKU426,Widget C,2024-04-06,122.0,11.0,4.0
SKU809,Widget C,2024-04-05,,13.0,9.0
SKU724,Widget C,2024-04-04,167.0,13.0,6.0
SKU488,Widget C,2024-04-03,121.0,19.0,9.0
SKU369,Widget C,2024-04-02,166.0,24.0,6.0
SKU803,Widget C,,98.0,17.0,8.0
SKU700,Widget C,2024-03-31,166.0,14.0,5.0
SKU452,Widget C,2024-03-30,138.0,15.0,9.0
SKU363,Widget C,2024-03-29,121.0,10.0,9.0
SKU456,Widget C,2024-03-28,149.0,11.0,7.0
SKU319,Widget C,,102.0,19.0,10.0
SKU735,Widget C,2024-03-26,199.0,23.0,3.0
SKU194,Widget C,2024-03-25,94.0,8.0,4.0
SKU480,Widget C,2024-03-24,167.0,17.0,9.0
SKU715,Widget C,2024-03-23,146.0,5.0,7.0
SKU509,Widget C,2024-03-22,187.0,16.0,9.0
SKU995,Widget C,2024-03-21,135.0,9.0,7.0
SKU929,Widget C,2024-03-20,131.0,8.0,8.0
SKU967,Widget C,2024-03-19,57.0,24.0,7.0
SKU168,Widget C,2024-03-18,56.0,23.0,6.0
SKU215,Widget C,2024-03-17,186.0,14.0,6.0
SKU953,Widget C,2024-03-16,,6.0,3.0
SKU805,Widget C,2024-03-15,76.0,11.0,8.0
SKU210,Widget C,2024-03-14,51.0,23.0,4.0
SKU301,Widget C,2024-03-13,195.0,24.0,4.0
SKU413,Widget C,2024-03-12,106.0,6.0,7.0
SKU712,Widget C,2024-03-11,146.0,5.0,10.0
SKU218,Widget C,2024-03-10,103.0,5.0,3.0
SKU146,Widget C,2024-03-09,192.0,16.0,10.0
SKU421,Widget C,2024-03-08,162.0,8.0,9.0
SKU953,Widget C,2024-03-07,198.0,6.0,5.0
SKU766,Widget C,2024-03-06,154.0,10.0,7.0
SKU915,Widget C,2024-03-05,150.0,23.0,3.0
SKU948,Widget C,2024-03-04,94.0,23.0,4.0
SKU617,Widget C,2024-03-03,81.0,12.0,3.0
SKU631,Widget C,,98.0,8.0,6.0
SKU442,Widget C,2024-03-01,179.0,11.0,7.0
SKU783,Widget C,2024-02-29,78.0,5.0,6.0
SKU436,Widget C,2024-02-28,158.0,17.0,6.0
SKU377,Widget C,2024-02-27,73.0,10.0,5.0
SKU269,Widget C,2024-02-26,101.0,22.0,
SKU875,Widget C,2024-02-25,177.0,9.0,6.0
SKU376,Widget C,2024-02-24,195.0,12.0,5.0
SKU194,Widget C,2024-02-23,157.0,13.0,6.0
SKU716,Widget C,2024-02-22,80.0,5.0,
SKU311,Widget C,2024-02-21,194.0,18.0,8.0
SKU926,Widget C,,118.0,24.0,8.0
SKU498,Widget C,2024-02-19,168.0,14.0,3.0
SKU112,Widget C,2024-02-18,75.0,7.0,10.0
SKU452,Widget C,2024-02-17,103.0,25.0,10.0
SKU573,Widget C,2024-02-16,86.0,10.0,
SKU871,Widget C,2024-02-15,189.0,17.0,6.0
SKU753,Widget C,2024-02-14,124.0,25.0,10.0
SKU948,Widget C,2024-02-13,141.0,19.0,4.0
SKU459,Widget C,2024-02-12,65.0,17.0,6.0
SKU612,Widget C,2024-02-11,63.0,15.0,10.0
SKU954,Widget C,2024-02-10,119.0,18.0,9.0
SKU431,Widget C,2024-02-09,146.0,21.0,8.0
SKU990,Widget C,,77.0,7.0,10.0
SKU320,Widget C,2024-02-07,71.0,25.0,10.0
SKU744,Widget C,2024-02-06,95.0,6.0,3.0
SKU902,Widget C,2024-02-05,118.0,22.0,6.0
SKU975,Widget C,2024-02-04,81.0,18.0,10.0
SKU187,Widget C,2024-02-03,115.0,16.0,7.0
SKU680,Widget C,2024-02-02,151.0,12.0,9.0
SKU733,Widget C,2024-02-01,126.0,8.0,8.0
SKU542,Widget C,2024-01-31,62.0,22.0,10.0
SKU771,Widget C,2024-01-30,60.0,12.0,6.0
SKU766,Widget C,2024-01-29,55.0,24.0,10.0
SKU695,Widget C,2024-01-28,127.0,25.0,9.0
SKU898,Widget C,2024-01-27,155.0,23.0,10.0
SKU626,Widget C,2024-01-26,188.0,7.0,10.0
SKU319,Widget C,2024-01-25,105.0,17.0,4.0
SKU938,Widget C,2024-01-24,181.0,18.0,7.0
SKU505,Widget C,2024-01-23,79.0,24.0,4.0
SKU106,Widget D,2025-02-25,157.0,12.0,5.0
SKU622,Widget D,2025-02-24,128.0,10.0,4.0
SKU670,Widget D,2025-02-23,116.0,11.0,10.0
SKU611,Widget D,2025-02-22,118.0,7.0,3.0
SKU932,Widget D,2025-02-21,66.0,17.0,9.0
SKU994,Widget D,2025-02-20,184.0,6.0,9.0
SKU576,Widget D,,54.0,24.0,5.0
SKU492,Widget D,2025-02-18,,17.0,8.0
SKU154,Widget D,2025-02-17,154.0,18.0,8.0
SKU927,Widget D,2025-02-16,70.0,12.0,3.0
SKU390,Widget D,2025-02-15,150.0,24.0,6.0
SKU892,Widget D,2025-02-14,55.0,19.0,8.0
SKU738,Widget D,2025-02-13,198.0,5.0,10.0
SKU830,Widget D,2025-02-12,57.0,25.0,7.0
SKU213,Widget D,2025-02-11,103.0,14.0,3.0
SKU996,Widget D,2025-02-10,166.0,7.0,5.0
SKU875,Widget D,2025-02-09,57.0,7.0,4.0
SKU444,Widget D,2025-02-08,128.0,16.0,7.0
SKU280,Widget D,,175.0,6.0,9.0
SKU795,Widget D,2025-02-06,133.0,22.0,4.0
SKU255,Widget D,2025-02-05,101.0,12.0,7.0
SKU172,Widget D,2025-02-04,186.0,7.0,7.0
SKU689,Widget D,2025-02-03,149.0,25.0,6.0
SKU890,Widget D,2025-02-02,59.0,10.0,6.0
SKU722,Widget D,,95.0,11.0,5.0
SKU388,Widget D,2025-01-31,50.0,,10.0
SKU335,Widget D,2025-01-30,,23.0,3.0
SKU663,Widget D,,146.0,15.0,10.0
SKU163,Widget D,2025-01-28,143.0,24.0,3.0
SKU798,Widget D,2025-01-27,70.0,23.0,9.0
SKU616,Widget D,2025-01-26,70.0,19.0,6.0
SKU452,Widget D,2025-01-25,159.0,24.0,3.0
SKU803,Widget D,2025-01-24,109.0,21.0,8.0
SKU823,Widget D,2025-01-23,150.0,23.0,8.0
SKU891,Widget D,2025-01-22,98.0,12.0,
SKU567,Widget D,2025-01-21,87.0,12.0,6.0
SKU217,Widget D,2025-01-20,199.0,20.0,3.0
SKU262,Widget D,2025-01-19,196.0,19.0,8.0
SKU420,Widget D,2025-01-18,97.0,23.0,5.0
SKU266,Widget D,2025-01-17,100.0,15.0,7.0
SKU543,Widget D,2025-01-16,134.0,15.0,3.0
SKU530,Widget D,2025-01-15,192.0,15.0,4.0
SKU167,Widget D,2025-01-14,,18.0,7.0
SKU744,Widget D,2025-01-13,170.0,15.0,6.0
SKU832,Widget D,,158.0,23.0,8.0
SKU237,Widget D,2025-01-11,129.0,16.0,4.0
SKU875,Widget D,2025-01-10,118.0,11.0,10.0
SKU878,Widget D,2025-01-09,117.0,6.0,6.0
SKU332,Widget D,2025-01-08,137.0,12.0,8.0
SKU601,Widget D,2025-01-07,130.0,24.0,4.0
SKU368,Widget D,2025-01-06,154.0,18.0,4.0
SKU501,Widget D,2025-01-05,70.0,25.0,
SKU305,Widget D,2025-01-04,195.0,21.0,4.0
SKU732,Widget D,2025-01-03,124.0,7.0,6.0
SKU671,Widget D,2025-01-02,88.0,5.0,8.0
SKU982,Widget D,2025-01-01,,16.0,4.0
SKU109,Widget D,2024-12-31,151.0,8.0,4.0
SKU194,Widget D,2024-12-30,174.0,16.0,5.0
SKU821,Widget D,2024-12-29,123.0,17.0,10.0
SKU474,Widget D,2024-12-28,143.0,10.0,3.0
SKU156,Widget D,2024-12-27,57.0,13.0,8.0
SKU612,Widget D,2024-12-26,163.0,,3.0
SKU717,Widget D,2024-12-25,133.0,8.0,9.0
SKU843,Widget D,2024-12-24,136.0,20.0,9.0
SKU438,Widget D,2024-12-23,60.0,10.0,9.0
SKU437,Widget D,2024-12-22,190.0,6.0,4.0
SKU408,Widget D,2024-12-21,143.0,14.0,3.0
SKU563,Widget D,2024-12-20,84.0,15.0,7.0
SKU139,Widget D,2024-12-19,120.0,12.0,
SKU809,Widget D,2024-12-18,74.0,6.0,6.0
SKU406,Widget D,2024-12-17,120.0,9.0,7.0
SKU880,Widget D,2024-12-16,175.0,11.0,
SKU494,Widget D,2024-12-15,182.0,5.0,9.0
SKU445,Widget D,2024-12-14,,21.0,10.0
SKU955,Widget D,2024-12-13,158.0,12.0,4.0
SKU518,Widget D,2024-12-12,182.0,13.0,4.0
SKU979,Widget D,2024-12-11,164.0,24.0,6.0
SKU901,Widget D,2024-12-10,65.0,19.0,
SKU962,Widget D,2024-12-09,187.0,24.0,7.0
SKU616,Widget D,2024-12-08,69.0,22.0,8.0
SKU171,Widget D,2024-12-07,100.0,9.0,6.0
SKU782,Widget D,,143.0,14.0,10.0
SKU341,Widget D,2024-12-05,80.0,24.0,5.0
SKU179,Widget D,2024-12-04,84.0,6.0,4.0
SKU723,Widget D,2024-12-03,191.0,13.0,7.0
SKU430,Widget D,2024-12-02,153.0,25.0,10.0
SKU880,Widget D,2024-12-01,147.0,14.0,5.0
SKU214,Widget D,2024-11-30,67.0,12.0,10.0
SKU752,Widget D,2024-11-29,182.0,22.0,5.0
SKU407,Widget D,2024-11-28,54.0,11.0,10.0
SKU717,Widget D,2024-11-27,135.0,16.0,8.0
SKU159,Widget D,2024-11-26,54.0,22.0,4.0
SKU931,Widget D,2024-11-25,58.0,6.0,7.0
SKU832,Widget D,2024-11-24,99.0,12.0,9.0
SKU333,Widget D,2024-11-23,57.0,14.0,9.0
SKU380,Widget D,2024-11-22,121.0,18.0,3.0
SKU816,Widget D,2024-11-21,89.0,17.0,
SKU127,Widget D,2024-11-20,,5.0,6.0
SKU995,Widget D,2024-11-19,124.0,,6.0
SKU800,Widget D,2024-11-18,144.0,21.0,
SKU300,Widget D,2024-11-17,164.0,25.0,10.0
SKU353,Widget D,2024-11-16,174.0,15.0,6.0
SKU949,Widget D,2024-11-15,92.0,11.0,8.0
SKU881,Widget D,2024-11-14,107.0,18.0,10.0
SKU279,Widget D,2024-11-13,89.0,7.0,10.0
SKU200,Widget D,2024-11-12,131.0,9.0,5.0
SKU709,Widget D,2024-11-11,86.0,24.0,8.0
SKU951,Widget D,2024-11-10,137.0,5.0,8.0
SKU375,Widget D,2024-11-09,52.0,8.0,8.0
SKU722,Widget D,2024-11-08,,18.0,6.0
SKU769,Widget D,2024-11-07,172.0,6.0,8.0
SKU885,Widget D,2024-11-06,96.0,7.0,8.0
SKU406,Widget D,2024-11-05,116.0,9.0,9.0
SKU941,Widget D,2024-11-04,112.0,11.0,10.0
SKU749,Widget D,2024-11-03,181.0,14.0,5.0
SKU612,Widget D,2024-11-02,103.0,5.0,7.0
SKU936,Widget D,2024-11-01,86.0,7.0,3.0
SKU745,Widget D,2024-10-31,149.0,19.0,5.0
SKU258,Widget D,2024-10-30,166.0,9.0,9.0
SKU907,Widget D,2024-10-29,103.0,,6.0
SKU740,Widget D,2024-10-28,100.0,13.0,5.0
SKU254,Widget D,2024-10-27,87.0,15.0,4.0
SKU876,Widget D,2024-10-26,188.0,5.0,3.0
SKU269,Widget D,,156.0,12.0,9.0
SKU513,Widget D,2024-10-24,58.0,8.0,9.0
SKU376,Widget D,2024-10-23,187.0,10.0,9.0
SKU422,Widget D,2024-10-22,169.0,,10.0
SKU133,Widget D,2024-10-21,102.0,6.0,
SKU818,Widget D,2024-10-20,82.0,15.0,5.0
SKU913,Widget D,2024-10-19,,16.0,3.0
SKU114,Widget D,2024-10-18,67.0,20.0,6.0
SKU513,Widget D,2024-10-17,129.0,5.0,9.0
SKU558,Widget D,2024-10-16,171.0,8.0,9.0
SKU788,Widget D,2024-10-15,148.0,12.0,9.0
SKU879,Widget D,2024-10-14,73.0,25.0,6.0
SKU782,Widget D,2024-10-13,133.0,13.0,7.0
SKU690,Widget D,2024-10-12,184.0,,10.0
SKU933,Widget D,2024-10-11,,22.0,6.0
SKU241,Widget D,2024-10-10,106.0,7.0,7.0
SKU800,Widget D,2024-10-09,185.0,8.0,6.0
SKU879,Widget D,2024-10-08,194.0,6.0,5.0
SKU969,Widget D,2024-10-07,78.0,13.0,3.0
SKU346,Widget D,2024-10-06,60.0,21.0,4.0
SKU875,Widget D,,156.0,12.0,10.0
SKU892,Widget D,2024-10-04,111.0,,8.0
SKU856,Widget D,2024-10-03,,19.0,6.0
SKU747,Widget D,2024-10-02,138.0,12.0,8.0
SKU408,Widget D,2024-10-01,118.0,11.0,6.0
SKU594,Widget D,2024-09-30,186.0,20.0,6.0
SKU574,Widget D,2024-09-29,156.0,17.0,4.0
SKU668,Widget D,2024-09-28,164.0,20.0,8.0
SKU968,Widget D,2024-09-27,151.0,9.0,10.0
SKU742,Widget D,2024-09-26,55.0,13.0,5.0
SKU590,Widget D,2024-09-25,180.0,6.0,7.0
SKU678,Widget D,2024-09-24,187.0,,6.0
SKU917,Widget D,2024-09-23,51.0,12.0,3.0
SKU282,Widget D,2024-09-22,190.0,7.0,7.0
SKU281,Widget D,2024-09-21,104.0,10.0,3.0
SKU609,Widget D,2024-09-20,110.0,11.0,4.0
SKU389,Widget D,2024-09-19,63.0,20.0,9.0
SKU212,Widget D,2024-09-18,52.0,,4.0
SKU894,Widget D,2024-09-17,64.0,13.0,7.0
SKU187,Widget D,2024-09-16,104.0,19.0,6.0
SKU344,Widget D,2024-09-15,107.0,24.0,6.0
SKU699,Widget D,2024-09-14,115.0,21.0,4.0
SKU713,Widget D,2024-09-13,152.0,16.0,4.0
SKU602,Widget D,2024-09-12,189.0,12.0,5.0
SKU201,Widget D,2024-09-11,,19.0,8.0
SKU785,Widget D,2024-09-10,191.0,23.0,5.0
SKU944,Widget D,2024-09-09,62.0,11.0,9.0
SKU299,Widget D,2024-09-08,161.0,9.0,6.0
SKU670,Widget D,2024-09-07,121.0,6.0,10.0
SKU915,Widget D,2024-09-06,86.0,13.0,5.0
SKU843,Widget D,,177.0,11.0,10.0
SKU266,Widget D,2024-09-04,72.0,10.0,5.0
SKU622,Widget D,2024-09-03,149.0,13.0,7.0
SKU158,Widget D,2024-09-02,136.0,7.0,7.0
SKU972,Widget D,2024-09-01,137.0,21.0,5.0
SKU883,Widget D,2024-08-31,68.0,17.0,4.0
SKU573,Widget D,2024-08-30,171.0,6.0,4.0
SKU843,Widget D,2024-08-29,50.0,6.0,8.0
SKU472,Widget D,2024-08-28,128.0,24.0,8.0
SKU364,Widget D,2024-08-27,110.0,13.0,10.0
SKU879,Widget D,2024-08-26,161.0,17.0,4.0
SKU335,Widget D,2024-08-25,198.0,21.0,10.0
SKU350,Widget D,2024-08-24,170.0,19.0,6.0
SKU487,Widget D,,64.0,9.0,5.0
SKU935,Widget D,2024-08-22,62.0,17.0,4.0
SKU105,Widget D,2024-08-21,116.0,24.0,5.0
SKU353,Widget D,2024-08-20,163.0,24.0,10.0
SKU967,Widget D,2024-08-19,198.0,25.0,4.0
SKU518,Widget D,2024-08-18,97.0,13.0,4.0
SKU128,Widget D,2024-08-17,100.0,22.0,3.0
SKU749,Widget D,2024-08-16,91.0,18.0,8.0
SKU277,Widget D,2024-08-15,57.0,20.0,9.0
SKU224,Widget D,2024-08-14,125.0,6.0,5.0
SKU609,Widget D,2024-08-13,112.0,5.0,3.0
SKU556,Widget D,2024-08-12,143.0,18.0,10.0
SKU690,Widget D,2024-08-11,147.0,13.0,6.0
SKU578,Widget D,2024-08-10,135.0,17.0,
SKU802,Widget D,2024-08-09,60.0,21.0,3.0
SKU788,Widget D,2024-08-08,139.0,19.0,7.0
SKU158,Widget D,2024-08-07,138.0,12.0,4.0
SKU660,Widget D,2024-08-06,52.0,23.0,10.0
SKU183,Widget D,2024-08-05,193.0,17.0,8.0
SKU745,Widget D,2024-08-04,52.0,,8.0
SKU654,Widget D,2024-08-03,184.0,20.0,10.0
SKU690,Widget D,2024-08-02,,10.0,8.0
SKU637,Widget D,2024-08-01,106.0,11.0,8.0
SKU949,Widget D,2024-07-31,163.0,23.0,3.0
SKU613,Widget D,2024-07-30,166.0,,9.0
SKU257,Widget D,2024-07-29,174.0,6.0,5.0
SKU724,Widget D,2024-07-28,69.0,24.0,10.0
SKU129,Widget D,2024-07-27,185.0,11.0,5.0
SKU578,Widget D,2024-07-26,106.0,9.0,10.0
SKU241,Widget D,2024-07-25,176.0,12.0,7.0
SKU697,Widget D,2024-07-24,65.0,25.0,8.0
SKU429,Widget D,2024-07-23,156.0,13.0,6.0
SKU897,Widget D,2024-07-22,109.0,10.0,8.0
SKU585,Widget D,2024-07-21,156.0,,4.0
SKU985,Widget D,2024-07-20,147.0,22.0,5.0
SKU244,Widget D,2024-07-19,87.0,14.0,5.0
SKU913,Widget D,2024-07-18,80.0,25.0,7.0
SKU915,Widget D,,122.0,9.0,5.0
SKU135,Widget D,2024-07-16,111.0,19.0,9.0
SKU628,Widget D,2024-07-15,,22.0,7.0
SKU701,Widget D,2024-07-14,189.0,,4.0
SKU656,Widget D,2024-07-13,115.0,11.0,9.0
SKU378,Widget D,2024-07-12,146.0,9.0,3.0
SKU893,Widget D,2024-07-11,194.0,24.0,6.0
SKU340,Widget D,2024-07-10,69.0,9.0,3.0
SKU570,Widget D,2024-07-09,150.0,,6.0
SKU321,Widget D,2024-07-08,148.0,25.0,10.0
SKU440,Widget D,2024-07-07,185.0,12.0,5.0
SKU668,Widget D,2024-07-06,160.0,16.0,
SKU829,Widget D,2024-07-05,120.0,19.0,7.0
SKU419,Widget D,2024-07-04,108.0,20.0,4.0
SKU624,Widget D,2024-07-03,84.0,23.0,8.0
SKU695,Widget D,2024-07-02,109.0,20.0,9.0
SKU693,Widget D,2024-07-01,122.0,16.0,4.0
SKU136,Widget D,2024-06-30,81.0,11.0,5.0
SKU909,Widget D,2024-06-29,64.0,17.0,8.0
SKU839,Widget D,2024-06-28,99.0,6.0,9.0
SKU683,Widget D,2024-06-27,125.0,22.0,4.0
SKU278,Widget D,2024-06-26,148.0,10.0,9.0
SKU747,Widget D,2024-06-25,,10.0,5.0
SKU342,Widget D,2024-06-24,157.0,8.0,
SKU334,Widget D,2024-06-23,151.0,16.0,10.0
SKU645,Widget D,,168.0,12.0,6.0
SKU824,Widget D,2024-06-21,60.0,22.0,4.0
SKU575,Widget D,,83.0,16.0,10.0
SKU364,Widget D,2024-06-19,159.0,17.0,10.0
SKU506,Widget D,2024-06-18,170.0,9.0,10.0
SKU451,Widget D,2024-06-17,71.0,7.0,3.0
SKU487,Widget D,2024-06-16,127.0,24.0,9.0
SKU924,Widget D,2024-06-15,162.0,19.0,4.0
SKU444,Widget D,2024-06-14,72.0,9.0,5.0
SKU742,Widget D,2024-06-13,145.0,13.0,3.0
SKU308,Widget D,2024-06-12,87.0,24.0,10.0
SKU494,Widget D,2024-06-11,199.0,13.0,3.0
SKU517,Widget D,2024-06-10,189.0,18.0,7.0
SKU882,Widget D,2024-06-09,196.0,16.0,4.0
SKU577,Widget D,,84.0,9.0,7.0
SKU482,Widget D,2024-06-07,170.0,12.0,8.0
SKU849,Widget D,2024-06-06,180.0,,6.0
SKU790,Widget D,,199.0,6.0,6.0
SKU630,Widget D,,133.0,18.0,4.0
SKU392,Widget D,2024-06-03,55.0,15.0,5.0
SKU494,Widget D,2024-06-02,153.0,21.0,7.0
SKU296,Widget D,2024-06-01,181.0,8.0,5.0
SKU165,Widget D,,70.0,9.0,6.0
SKU128,Widget D,2024-05-30,159.0,10.0,
SKU735,Widget D,2024-05-29,116.0,25.0,8.0
SKU138,Widget D,2024-05-28,113.0,17.0,7.0
SKU668,Widget D,2024-05-27,51.0,24.0,6.0
SKU824,Widget D,2024-05-26,68.0,9.0,9.0
SKU208,Widget D,2024-05-25,125.0,20.0,3.0
SKU785,Widget D,2024-05-24,69.0,11.0,4.0
SKU806,Widget D,2024-05-23,53.0,16.0,5.0
SKU958,Widget D,2024-05-22,119.0,13.0,5.0
SKU244,Widget D,2024-05-21,,24.0,8.0
SKU496,Widget D,2024-05-20,84.0,10.0,4.0
SKU557,Widget D,2024-05-19,52.0,13.0,9.0
SKU653,Widget D,2024-05-18,100.0,12.0,4.0
SKU168,Widget D,2024-05-17,160.0,14.0,3.0
SKU678,Widget D,2024-05-16,79.0,10.0,6.0
SKU675,Widget D,2024-05-15,,9.0,3.0
SKU809,Widget D,2024-05-14,192.0,,7.0
SKU837,Widget D,2024-05-13,96.0,16.0,7.0
SKU133,Widget D,2024-05-12,71.0,12.0,7.0
SKU211,Widget D,2024-05-11,152.0,7.0,7.0
SKU358,Widget D,2024-05-10,97.0,14.0,9.0
SKU319,Widget D,2024-05-09,147.0,12.0,9.0
SKU554,Widget D,2024-05-08,135.0,7.0,9.0
SKU429,Widget D,2024-05-07,108.0,8.0,7.0
SKU639,Widget D,2024-05-06,137.0,13.0,8.0
SKU741,Widget D,2024-05-05,53.0,19.0,9.0
SKU670,Widget D,2024-05-04,188.0,5.0,8.0
SKU902,Widget D,2024-05-03,130.0,17.0,6.0
SKU833,Widget D,2024-05-02,138.0,25.0,9.0
SKU271,Widget D,2024-05-01,189.0,5.0,4.0
SKU158,Widget D,2024-04-30,128.0,15.0,10.0
SKU225,Widget D,2024-04-29,62.0,13.0,10.0
SKU702,Widget D,2024-04-28,188.0,14.0,9.0
SKU374,Widget D,2024-04-27,111.0,,10.0
SKU983,Widget D,2024-04-26,155.0,12.0,7.0
SKU704,Widget D,2024-04-25,,24.0,5.0
SKU491,Widget D,2024-04-24,137.0,9.0,3.0
SKU428,Widget D,2024-04-23,98.0,20.0,4.0
SKU666,Widget D,2024-04-22,150.0,8.0,8.0
SKU899,Widget D,2024-04-21,79.0,22.0,8.0
SKU228,Widget D,2024-04-20,179.0,7.0,7.0
SKU434,Widget D,2024-04-19,81.0,16.0,
SKU160,Widget D,,76.0,23.0,7.0
SKU993,Widget D,2024-04-17,137.0,14.0,4.0
SKU467,Widget D,2024-04-16,80.0,18.0,9.0
SKU981,Widget D,2024-04-15,66.0,23.0,9.0
SKU529,Widget D,2024-04-14,108.0,21.0,4.0
SKU776,Widget D,2024-04-13,157.0,24.0,8.0
SKU506,Widget D,2024-04-12,73.0,5.0,8.0
SKU397,Widget D,2024-04-11,167.0,16.0,4.0
SKU514,Widget D,2024-04-10,59.0,16.0,8.0
SKU498,Widget D,2024-04-09,110.0,11.0,9.0
SKU495,Widget D,2024-04-08,71.0,,4.0
SKU660,Widget D,2024-04-07,51.0,10.0,8.0
SKU548,Widget D,2024-04-06,188.0,7.0,6.0
SKU300,Widget D,2024-04-05,140.0,,10.0
SKU159,Widget D,2024-04-04,99.0,18.0,9.0
SKU581,Widget D,2024-04-03,148.0,16.0,8.0
SKU124,Widget D,2024-04-02,105.0,11.0,8.0
SKU483,Widget D,2024-04-01,186.0,24.0,5.0
SKU139,Widget D,2024-03-31,150.0,16.0,
SKU390,Widget D,,153.0,25.0,5.0
SKU851,Widget D,2024-03-29,193.0,5.0,5.0
SKU447,Widget D,2024-03-28,190.0,23.0,5.0
SKU589,Widget D,2024-03-27,79.0,14.0,9.0
SKU272,Widget D,2024-03-26,80.0,15.0,8.0
SKU502,Widget D,2024-03-25,54.0,21.0,3.0
SKU801,Widget D,2024-03-24,115.0,18.0,6.0
SKU576,Widget D,,121.0,9.0,3.0
SKU969,Widget D,2024-03-22,198.0,18.0,5.0
SKU640,Widget D,2024-03-21,94.0,23.0,3.0
SKU524,Widget D,2024-03-20,98.0,21.0,10.0
SKU913,Widget D,2024-03-19,131.0,23.0,6.0
SKU872,Widget D,2024-03-18,146.0,5.0,4.0
SKU534,Widget D,2024-03-17,139.0,7.0,7.0
SKU197,Widget D,2024-03-16,151.0,14.0,6.0
SKU613,Widget D,,115.0,21.0,6.0
SKU625,Widget D,2024-03-14,79.0,9.0,10.0
SKU796,Widget D,2024-03-13,161.0,12.0,5.0
SKU574,Widget D,2024-03-12,137.0,22.0,7.0
SKU665,Widget D,2024-03-11,131.0,23.0,3.0
SKU298,Widget D,2024-03-10,107.0,25.0,6.0
SKU345,Widget D,2024-03-09,160.0,5.0,10.0
SKU129,Widget D,2024-03-08,134.0,18.0,4.0
SKU331,Widget D,2024-03-07,159.0,18.0,5.0
SKU582,Widget D,2024-03-06,98.0,11.0,6.0
SKU812,Widget D,,169.0,21.0,6.0
SKU994,Widget D,2024-03-04,137.0,23.0,8.0
SKU107,Widget D,2024-03-03,198.0,7.0,9.0
SKU754,Widget D,2024-03-02,,21.0,8.0
SKU955,Widget D,2024-03-01,80.0,7.0,7.0
SKU196,Widget D,2024-02-29,113.0,5.0,3.0
SKU255,Widget D,2024-02-28,50.0,16.0,3.0
SKU195,Widget D,2024-02-27,66.0,9.0,3.0
SKU578,Widget D,,64.0,9.0,4.0
SKU358,Widget D,2024-02-25,111.0,7.0,5.0
SKU444,Widget D,2024-02-24,137.0,24.0,9.0
SKU254,Widget D,2024-02-23,121.0,20.0,6.0
SKU195,Widget D,2024-02-22,120.0,23.0,8.0
SKU440,Widget D,,108.0,23.0,10.0
SKU738,Widget D,2024-02-20,,24.0,4.0
SKU971,Widget D,2024-02-19,106.0,5.0,5.0
SKU203,Widget D,2024-02-18,79.0,23.0,9.0
SKU432,Widget D,2024-02-17,143.0,9.0,4.0
SKU968,Widget D,2024-02-16,,6.0,7.0
SKU253,Widget D,2024-02-15,139.0,11.0,4.0
SKU421,Widget D,2024-02-14,170.0,,7.0
SKU109,Widget D,2024-02-13,151.0,23.0,6.0
SKU560,Widget D,2024-02-12,96.0,8.0,3.0
SKU302,Widget D,2024-02-11,193.0,20.0,9.0
SKU840,Widget D,2024-02-10,111.0,6.0,10.0
SKU428,Widget D,2024-02-09,118.0,12.0,4.0
SKU676,Widget D,2024-02-08,190.0,25.0,3.0
SKU356,Widget D,2024-02-07,161.0,19.0,8.0
SKU694,Widget D,2024-02-06,51.0,17.0,
SKU150,Widget D,2024-02-05,,6.0,9.0
SKU941,Widget D,2024-02-04,60.0,13.0,3.0
SKU887,Widget D,2024-02-03,197.0,20.0,9.0
SKU282,Widget D,2024-02-02,138.0,5.0,10.0
SKU180,Widget D,2024-02-01,200.0,13.0,
SKU562,Widget D,2024-01-31,150.0,15.0,10.0
SKU827,Widget D,2024-01-30,61.0,8.0,7.0
SKU333,Widget D,2024-01-29,192.0,7.0,6.0
SKU280,Widget D,2024-01-28,168.0,14.0,6.0
SKU887,Widget D,2024-01-27,87.0,20.0,5.0
SKU436,Widget D,2024-01-26,137.0,25.0,8.0
SKU800,Widget D,2024-01-25,196.0,9.0,10.0
SKU795,Widget D,2024-01-24,160.0,10.0,8.0
SKU697,Widget D,2024-01-23,152.0,14.0,3.0
SKU390,Widget E,2025-02-25,143.0,9.0,7.0
SKU211,Widget E,2025-02-24,135.0,16.0,
SKU627,Widget E,2025-02-23,,20.0,10.0
SKU105,Widget E,2025-02-22,124.0,24.0,5.0
SKU908,Widget E,2025-02-21,99.0,16.0,3.0
SKU463,Widget E,2025-02-20,,20.0,6.0
SKU444,Widget E,2025-02-19,181.0,19.0,10.0
SKU658,Widget E,2025-02-18,83.0,10.0,5.0
SKU399,Widget E,2025-02-17,124.0,8.0,3.0
SKU535,Widget E,2025-02-16,98.0,10.0,7.0
SKU905,Widget E,2025-02-15,155.0,23.0,3.0
SKU741,Widget E,2025-02-14,162.0,14.0,9.0
SKU801,Widget E,2025-02-13,104.0,19.0,7.0
SKU582,Widget E,2025-02-12,137.0,18.0,6.0
SKU771,Widget E,2025-02-11,65.0,14.0,9.0
SKU249,Widget E,2025-02-10,97.0,19.0,
SKU273,Widget E,2025-02-09,95.0,10.0,7.0
SKU278,Widget E,2025-02-08,131.0,25.0,8.0
SKU993,Widget E,2025-02-07,177.0,6.0,6.0
SKU737,Widget E,2025-02-06,164.0,17.0,8.0
SKU998,Widget E,2025-02-05,109.0,25.0,6.0
SKU708,Widget E,2025-02-04,55.0,25.0,4.0
SKU772,Widget E,2025-02-03,86.0,18.0,7.0
SKU648,Widget E,2025-02-02,156.0,25.0,10.0
SKU989,Widget E,2025-02-01,190.0,25.0,10.0
SKU457,Widget E,2025-01-31,135.0,16.0,
SKU636,Widget E,2025-01-30,115.0,14.0,9.0
SKU251,Widget E,2025-01-29,160.0,12.0,
SKU707,Widget E,2025-01-28,131.0,25.0,9.0
SKU904,Widget E,2025-01-27,153.0,23.0,5.0
SKU937,Widget E,2025-01-26,114.0,24.0,9.0
SKU201,Widget E,2025-01-25,141.0,10.0,4.0
SKU759,Widget E,2025-01-24,102.0,13.0,3.0
SKU188,Widget E,2025-01-23,104.0,15.0,8.0
SKU537,Widget E,2025-01-22,137.0,17.0,6.0
SKU879,Widget E,2025-01-21,88.0,21.0,4.0
SKU230,Widget E,2025-01-20,158.0,9.0,9.0
SKU267,Widget E,2025-01-19,197.0,25.0,8.0
SKU137,Widget E,2025-01-18,,10.0,3.0
SKU714,Widget E,2025-01-17,164.0,21.0,3.0
SKU621,Widget E,2025-01-16,105.0,8.0,10.0
SKU801,Widget E,2025-01-15,,11.0,6.0
SKU524,Widget E,,159.0,12.0,4.0
SKU475,Widget E,2025-01-13,136.0,15.0,4.0
SKU487,Widget E,2025-01-12,168.0,,4.0
SKU976,Widget E,,141.0,11.0,8.0
SKU587,Widget E,2025-01-10,153.0,24.0,6.0
SKU516,Widget E,2025-01-09,200.0,,6.0
SKU889,Widget E,2025-01-08,170.0,,6.0
SKU744,Widget E,2025-01-07,199.0,15.0,10.0
SKU305,Widget E,2025-01-06,91.0,11.0,8.0
SKU393,Widget E,2025-01-05,174.0,20.0,4.0
SKU710,Widget E,2025-01-04,,7.0,3.0
SKU946,Widget E,2025-01-03,185.0,11.0,7.0
SKU700,Widget E,2025-01-02,80.0,20.0,6.0
SKU874,Widget E,2025-01-01,140.0,5.0,4.0
SKU460,Widget E,2024-12-31,64.0,11.0,3.0
SKU453,Widget E,2024-12-30,94.0,6.0,
SKU808,Widget E,2024-12-29,146.0,10.0,3.0
SKU444,Widget E,2024-12-28,114.0,,9.0
SKU363,Widget E,2024-12-27,95.0,19.0,6.0
SKU699,Widget E,2024-12-26,184.0,24.0,5.0
SKU234,Widget E,2024-12-25,104.0,16.0,8.0
SKU776,Widget E,2024-12-24,112.0,23.0,10.0
SKU176,Widget E,2024-12-23,139.0,14.0,9.0
SKU573,Widget E,2024-12-22,66.0,15.0,10.0
SKU548,Widget E,2024-12-21,127.0,8.0,9.0
SKU928,Widget E,2024-12-20,189.0,10.0,10.0
SKU477,Widget E,2024-12-19,53.0,19.0,7.0
SKU928,Widget E,2024-12-18,157.0,17.0,4.0
SKU478,Widget E,2024-12-17,192.0,6.0,6.0
SKU171,Widget E,2024-12-16,117.0,9.0,8.0
SKU409,Widget E,2024-12-15,120.0,8.0,7.0
SKU476,Widget E,2024-12-14,,19.0,9.0
SKU413,Widget E,2024-12-13,151.0,10.0,8.0
SKU424,Widget E,2024-12-12,141.0,20.0,7.0
SKU941,Widget E,2024-12-11,169.0,13.0,8.0
SKU199,Widget E,2024-12-10,176.0,9.0,10.0
SKU628,Widget E,2024-12-09,109.0,16.0,10.0
SKU698,Widget E,,119.0,24.0,3.0
SKU839,Widget E,2024-12-07,111.0,11.0,5.0
SKU915,Widget E,2024-12-06,167.0,5.0,6.0
SKU217,Widget E,2024-12-05,147.0,16.0,7.0
SKU780,Widget E,2024-12-04,71.0,18.0,5.0
SKU525,Widget E,2024-12-03,76.0,24.0,3.0
SKU573,Widget E,2024-12-02,138.0,23.0,10.0
SKU734,Widget E,2024-12-01,174.0,11.0,5.0
SKU563,Widget E,2024-11-30,57.0,16.0,10.0
SKU378,Widget E,2024-11-29,179.0,13.0,4.0
SKU998,Widget E,2024-11-28,131.0,12.0,4.0
SKU447,Widget E,2024-11-27,52.0,9.0,5.0
SKU456,Widget E,2024-11-26,130.0,18.0,9.0
SKU747,Widget E,2024-11-25,194.0,21.0,
SKU993,Widget E,2024-11-24,156.0,6.0,5.0
SKU329,Widget E,2024-11-23,129.0,25.0,8.0
SKU604,Widget E,2024-11-22,148.0,24.0,4.0
SKU744,Widget E,2024-11-21,198.0,13.0,3.0
SKU152,Widget E,2024-11-20,171.0,7.0,10.0
SKU632,Widget E,2024-11-19,101.0,12.0,4.0
SKU222,Widget E,2024-11-18,124.0,5.0,7.0
SKU861,Widget E,2024-11-17,103.0,11.0,10.0
SKU548,Widget E,2024-11-16,101.0,10.0,7.0
SKU628,Widget E,,126.0,14.0,7.0
SKU853,Widget E,2024-11-14,,20.0,3.0
SKU386,Widget E,2024-11-13,,9.0,8.0
SKU532,Widget E,2024-11-12,156.0,25.0,10.0
SKU610,Widget E,2024-11-11,68.0,15.0,3.0
SKU602,Widget E,2024-11-10,101.0,7.0,7.0
SKU217,Widget E,2024-11-09,188.0,19.0,10.0
SKU556,Widget E,2024-11-08,82.0,8.0,9.0
SKU312,Widget E,2024-11-07,77.0,18.0,6.0
SKU226,Widget E,,55.0,15.0,7.0
SKU918,Widget E,2024-11-05,,24.0,9.0
SKU887,Widget E,2024-11-04,122.0,17.0,9.0
SKU647,Widget E,2024-11-03,159.0,8.0,
SKU483,Widget E,2024-11-02,198.0,12.0,10.0
SKU413,Widget E,2024-11-01,191.0,9.0,3.0
SKU637,Widget E,2024-10-31,142.0,10.0,5.0
SKU756,Widget E,2024-10-30,156.0,20.0,4.0
SKU507,Widget E,2024-10-29,165.0,22.0,
SKU349,Widget E,2024-10-28,129.0,20.0,9.0
SKU270,Widget E,2024-10-27,57.0,13.0,4.0
SKU809,Widget E,2024-10-26,176.0,11.0,8.0
SKU272,Widget E,2024-10-25,63.0,24.0,8.0
SKU855,Widget E,2024-10-24,70.0,8.0,10.0
SKU322,Widget E,2024-10-23,200.0,15.0,8.0
SKU939,Widget E,2024-10-22,121.0,8.0,4.0
SKU614,Widget E,2024-10-21,153.0,6.0,9.0
SKU759,Widget E,2024-10-20,197.0,22.0,7.0
SKU198,Widget E,2024-10-19,126.0,,7.0
SKU340,Widget E,2024-10-18,183.0,22.0,10.0
SKU749,Widget E,2024-10-17,198.0,13.0,7.0
SKU609,Widget E,2024-10-16,130.0,9.0,10.0
SKU517,Widget E,2024-10-15,68.0,7.0,5.0
SKU267,Widget E,2024-10-14,193.0,10.0,3.0
SKU768,Widget E,2024-10-13,172.0,25.0,9.0
SKU581,Widget E,2024-10-12,84.0,17.0,3.0
SKU110,Widget E,2024-10-11,179.0,20.0,
SKU525,Widget E,2024-10-10,76.0,20.0,9.0
SKU962,Widget E,2024-10-09,73.0,18.0,7.0
SKU971,Widget E,2024-10-08,,7.0,5.0
SKU715,Widget E,2024-10-07,118.0,16.0,4.0
SKU772,Widget E,2024-10-06,146.0,12.0,10.0
SKU906,Widget E,2024-10-05,148.0,22.0,7.0
SKU402,Widget E,2024-10-04,100.0,24.0,7.0
SKU214,Widget E,2024-10-03,94.0,9.0,6.0
SKU353,Widget E,2024-10-02,151.0,21.0,3.0
SKU812,Widget E,2024-10-01,,7.0,5.0
SKU724,Widget E,2024-09-30,100.0,20.0,7.0
SKU703,Widget E,2024-09-29,134.0,9.0,5.0
SKU511,Widget E,2024-09-28,130.0,16.0,4.0
SKU235,Widget E,2024-09-27,155.0,11.0,5.0
SKU903,Widget E,2024-09-26,140.0,,10.0
SKU601,Widget E,2024-09-25,82.0,17.0,6.0
SKU826,Widget E,2024-09-24,176.0,18.0,3.0
SKU608,Widget E,2024-09-23,106.0,11.0,6.0
SKU460,Widget E,2024-09-22,158.0,5.0,8.0
SKU965,Widget E,2024-09-21,161.0,13.0,10.0
SKU496,Widget E,2024-09-20,106.0,13.0,3.0
SKU333,Widget E,2024-09-19,87.0,16.0,5.0
SKU265,Widget E,2024-09-18,,16.0,10.0
SKU884,Widget E,2024-09-17,176.0,12.0,4.0
SKU780,Widget E,2024-09-16,66.0,15.0,5.0
SKU489,Widget E,2024-09-15,103.0,14.0,6.0
SKU692,Widget E,2024-09-14,170.0,24.0,9.0
SKU347,Widget E,2024-09-13,171.0,14.0,6.0
SKU450,Widget E,2024-09-12,147.0,9.0,4.0
SKU400,Widget E,2024-09-11,97.0,25.0,5.0
SKU644,Widget E,2024-09-10,157.0,19.0,4.0
SKU810,Widget E,2024-09-09,154.0,21.0,4.0
SKU592,Widget E,2024-09-08,,25.0,6.0
SKU888,Widget E,2024-09-07,146.0,24.0,6.0
SKU991,Widget E,2024-09-06,70.0,13.0,
SKU808,Widget E,2024-09-05,177.0,11.0,6.0
SKU197,Widget E,2024-09-04,157.0,16.0,5.0
SKU948,Widget E,2024-09-03,78.0,11.0,7.0
SKU475,Widget E,,195.0,12.0,6.0
SKU192,Widget E,2024-09-01,178.0,17.0,3.0
SKU131,Widget E,2024-08-31,141.0,19.0,7.0
SKU185,Widget E,2024-08-30,157.0,5.0,3.0
SKU297,Widget E,2024-08-29,101.0,6.0,3.0
SKU914,Widget E,2024-08-28,124.0,11.0,4.0
SKU942,Widget E,2024-08-27,163.0,14.0,8.0
SKU377,Widget E,2024-08-26,135.0,23.0,8.0
SKU506,Widget E,2024-08-25,93.0,14.0,7.0
SKU401,Widget E,2024-08-24,131.0,23.0,8.0
SKU147,Widget E,2024-08-23,122.0,6.0,8.0
SKU160,Widget E,2024-08-22,,7.0,3.0
SKU423,Widget E,2024-08-21,96.0,13.0,
SKU516,Widget E,2024-08-20,191.0,16.0,9.0
SKU688,Widget E,2024-08-19,76.0,25.0,7.0
SKU989,Widget E,2024-08-18,66.0,23.0,6.0
SKU507,Widget E,2024-08-17,116.0,9.0,4.0
SKU311,Widget E,2024-08-16,191.0,12.0,10.0
SKU244,Widget E,2024-08-15,87.0,8.0,9.0
SKU279,Widget E,2024-08-14,122.0,21.0,4.0
SKU204,Widget E,2024-08-13,,11.0,3.0
SKU132,Widget E,2024-08-12,93.0,24.0,8.0
SKU696,Widget E,2024-08-11,179.0,8.0,10.0
SKU208,Widget E,2024-08-10,192.0,19.0,3.0
SKU927,Widget E,2024-08-09,163.0,5.0,7.0
SKU144,Widget E,2024-08-08,64.0,13.0,3.0
SKU603,Widget E,2024-08-07,91.0,12.0,3.0
SKU683,Widget E,2024-08-06,51.0,12.0,8.0
SKU972,Widget E,2024-08-05,120.0,5.0,3.0
SKU188,Widget E,2024-08-04,181.0,,3.0
SKU963,Widget E,2024-08-03,81.0,18.0,8.0
SKU110,Widget E,2024-08-02,54.0,11.0,3.0
SKU153,Widget E,2024-08-01,139.0,9.0,7.0
SKU485,Widget E,2024-07-31,117.0,7.0,3.0
SKU678,Widget E,2024-07-30,197.0,24.0,10.0
SKU129,Widget E,2024-07-29,146.0,12.0,3.0
SKU587,Widget E,2024-07-28,63.0,5.0,10.0
SKU206,Widget E,2024-07-27,155.0,14.0,9.0
SKU334,Widget E,2024-07-26,89.0,5.0,10.0
SKU870,Widget E,2024-07-25,193.0,6.0,8.0
SKU298,Widget E,,75.0,7.0,5.0
SKU234,Widget E,2024-07-23,,7.0,3.0
SKU586,Widget E,2024-07-22,102.0,10.0,4.0
SKU814,Widget E,2024-07-21,158.0,8.0,10.0
SKU481,Widget E,2024-07-20,97.0,25.0,10.0
SKU400,Widget E,2024-07-19,80.0,12.0,3.0
SKU553,Widget E,2024-07-18,,9.0,3.0
SKU108,Widget E,2024-07-17,,5.0,9.0
SKU819,Widget E,2024-07-16,88.0,6.0,8.0
SKU579,Widget E,2024-07-15,134.0,10.0,5.0
SKU549,Widget E,2024-07-14,61.0,9.0,5.0
SKU508,Widget E,2024-07-13,,20.0,8.0
SKU693,Widget E,2024-07-12,57.0,11.0,7.0
SKU887,Widget E,2024-07-11,133.0,,6.0
SKU865,Widget E,2024-07-10,,25.0,5.0
SKU999,Widget E,2024-07-09,,25.0,9.0
SKU624,Widget E,2024-07-08,75.0,12.0,4.0
SKU235,Widget E,2024-07-07,151.0,11.0,6.0
SKU900,Widget E,2024-07-06,159.0,15.0,5.0
SKU619,Widget E,2024-07-05,62.0,23.0,10.0
SKU640,Widget E,2024-07-04,170.0,24.0,
SKU695,Widget E,2024-07-03,82.0,8.0,5.0
SKU499,Widget E,2024-07-02,105.0,12.0,8.0
SKU709,Widget E,2024-07-01,78.0,9.0,10.0
SKU239,Widget E,2024-06-30,100.0,13.0,9.0
SKU549,Widget E,2024-06-29,121.0,25.0,3.0
SKU683,Widget E,2024-06-28,96.0,7.0,3.0
SKU965,Widget E,2024-06-27,147.0,10.0,4.0
SKU134,Widget E,2024-06-26,82.0,15.0,3.0
SKU728,Widget E,2024-06-25,122.0,14.0,9.0
SKU190,Widget E,2024-06-24,106.0,25.0,10.0
SKU161,Widget E,2024-06-23,118.0,5.0,10.0
SKU863,Widget E,2024-06-22,60.0,25.0,3.0
SKU640,Widget E,2024-06-21,97.0,18.0,3.0
SKU642,Widget E,2024-06-20,164.0,,7.0
SKU105,Widget E,2024-06-19,59.0,13.0,10.0
SKU973,Widget E,2024-06-18,145.0,12.0,4.0
SKU251,Widget E,2024-06-17,172.0,25.0,10.0
SKU980,Widget E,2024-06-16,162.0,,9.0
SKU979,Widget E,2024-06-15,85.0,19.0,4.0
SKU917,Widget E,2024-06-14,114.0,24.0,8.0
SKU552,Widget E,2024-06-13,126.0,,8.0
SKU296,Widget E,2024-06-12,180.0,7.0,
SKU340,Widget E,2024-06-11,83.0,6.0,4.0
SKU989,Widget E,2024-06-10,157.0,13.0,8.0
SKU710,Widget E,2024-06-09,124.0,13.0,5.0
SKU187,Widget E,2024-06-08,189.0,9.0,8.0
SKU778,Widget E,2024-06-07,145.0,23.0,
SKU622,Widget E,2024-06-06,80.0,15.0,6.0
SKU121,Widget E,2024-06-05,71.0,19.0,8.0
SKU291,Widget E,2024-06-04,114.0,25.0,9.0
SKU374,Widget E,2024-06-03,125.0,22.0,10.0
SKU778,Widget E,2024-06-02,84.0,16.0,5.0
SKU905,Widget E,2024-06-01,133.0,17.0,9.0
SKU357,Widget E,,156.0,12.0,3.0
SKU870,Widget E,2024-05-30,140.0,17.0,7.0
SKU653,Widget E,2024-05-29,140.0,17.0,8.0
SKU732,Widget E,2024-05-28,192.0,13.0,8.0
SKU154,Widget E,2024-05-27,111.0,21.0,10.0
SKU402,Widget E,2024-05-26,66.0,13.0,7.0
SKU680,Widget E,2024-05-25,,21.0,6.0
SKU452,Widget E,2024-05-24,196.0,9.0,9.0
SKU626,Widget E,2024-05-23,118.0,5.0,6.0
SKU225,Widget E,2024-05-22,185.0,16.0,9.0
SKU615,Widget E,2024-05-21,88.0,12.0,7.0
SKU873,Widget E,2024-05-20,165.0,8.0,6.0
SKU768,Widget E,2024-05-19,165.0,6.0,7.0
SKU619,Widget E,2024-05-18,95.0,25.0,9.0
SKU465,Widget E,2024-05-17,128.0,7.0,8.0
SKU550,Widget E,2024-05-16,85.0,6.0,4.0
SKU745,Widget E,,141.0,20.0,6.0
SKU322,Widget E,2024-05-14,65.0,18.0,6.0
SKU872,Widget E,2024-05-13,148.0,13.0,9.0
SKU399,Widget E,2024-05-12,70.0,16.0,9.0
SKU428,Widget E,2024-05-11,78.0,21.0,7.0
SKU746,Widget E,2024-05-10,64.0,25.0,5.0
SKU737,Widget E,2024-05-09,94.0,19.0,6.0
SKU523,Widget E,2024-05-08,64.0,20.0,4.0
SKU888,Widget E,2024-05-07,60.0,25.0,7.0
SKU777,Widget E,2024-05-06,154.0,11.0,3.0
SKU814,Widget E,2024-05-05,105.0,8.0,4.0
SKU282,Widget E,2024-05-04,129.0,7.0,6.0
SKU480,Widget E,,78.0,8.0,10.0
SKU471,Widget E,2024-05-02,,21.0,9.0
SKU448,Widget E,2024-05-01,192.0,7.0,3.0
SKU932,Widget E,2024-04-30,169.0,12.0,10.0
SKU502,Widget E,2024-04-29,111.0,13.0,9.0
SKU361,Widget E,2024-04-28,163.0,15.0,7.0
SKU905,Widget E,2024-04-27,90.0,7.0,8.0
SKU474,Widget E,2024-04-26,55.0,13.0,6.0
SKU372,Widget E,2024-04-25,162.0,9.0,4.0
SKU926,Widget E,2024-04-24,94.0,14.0,7.0
SKU907,Widget E,2024-04-23,113.0,23.0,5.0
SKU349,Widget E,2024-04-22,65.0,24.0,7.0
SKU122,Widget E,2024-04-21,102.0,11.0,8.0
SKU668,Widget E,2024-04-20,93.0,8.0,10.0
SKU588,Widget E,2024-04-19,90.0,5.0,
SKU652,Widget E,2024-04-18,157.0,9.0,9.0
SKU745,Widget E,2024-04-17,132.0,7.0,10.0
SKU345,Widget E,2024-04-16,157.0,20.0,4.0
SKU816,Widget E,2024-04-15,75.0,7.0,4.0
SKU229,Widget E,2024-04-14,93.0,20.0,5.0
SKU829,Widget E,2024-04-13,189.0,12.0,3.0
SKU485,Widget E,2024-04-12,138.0,17.0,3.0
SKU813,Widget E,2024-04-11,165.0,23.0,10.0
SKU523,Widget E,2024-04-10,108.0,11.0,8.0
SKU621,Widget E,,129.0,5.0,5.0
SKU415,Widget E,2024-04-08,88.0,5.0,10.0
SKU477,Widget E,2024-04-07,67.0,14.0,6.0
SKU419,Widget E,2024-04-06,132.0,23.0,5.0
SKU203,Widget E,2024-04-05,90.0,,8.0
SKU286,Widget E,2024-04-04,135.0,12.0,7.0
SKU684,Widget E,2024-04-03,127.0,11.0,10.0
SKU206,Widget E,2024-04-02,108.0,20.0,5.0
SKU915,Widget E,2024-04-01,162.0,11.0,10.0
SKU903,Widget E,2024-03-31,174.0,14.0,5.0
SKU723,Widget E,2024-03-30,157.0,16.0,
SKU575,Widget E,2024-03-29,83.0,14.0,7.0
SKU107,Widget E,2024-03-28,159.0,12.0,7.0
SKU462,Widget E,,72.0,14.0,7.0
SKU795,Widget E,2024-03-26,166.0,11.0,8.0
SKU920,Widget E,2024-03-25,136.0,6.0,10.0
SKU911,Widget E,2024-03-24,135.0,10.0,
SKU545,Widget E,2024-03-23,121.0,13.0,3.0
SKU781,Widget E,2024-03-22,119.0,24.0,4.0
SKU895,Widget E,2024-03-21,158.0,13.0,4.0
SKU868,Widget E,2024-03-20,63.0,19.0,9.0
SKU490,Widget E,2024-03-19,132.0,25.0,
SKU116,Widget E,2024-03-18,157.0,10.0,5.0
SKU719,Widget E,2024-03-17,130.0,,7.0
SKU598,Widget E,2024-03-16,99.0,,6.0
SKU876,Widget E,2024-03-15,101.0,13.0,3.0
SKU603,Widget E,2024-03-14,136.0,6.0,6.0
SKU804,Widget E,,99.0,23.0,9.0
SKU629,Widget E,2024-03-12,71.0,15.0,10.0
SKU256,Widget E,2024-03-11,188.0,11.0,10.0
SKU970,Widget E,2024-03-10,175.0,23.0,10.0
SKU635,Widget E,,71.0,14.0,3.0
SKU831,Widget E,2024-03-08,111.0,25.0,4.0
SKU609,Widget E,2024-03-07,158.0,22.0,8.0
SKU756,Widget E,,79.0,11.0,5.0
SKU526,Widget E,2024-03-05,161.0,13.0,9.0
SKU590,Widget E,2024-03-04,123.0,13.0,
SKU512,Widget E,2024-03-03,,17.0,10.0
SKU243,Widget E,2024-03-02,103.0,11.0,8.0
SKU732,Widget E,2024-03-01,161.0,17.0,6.0
SKU758,Widget E,2024-02-29,98.0,11.0,3.0
SKU954,Widget E,2024-02-28,,9.0,10.0
SKU312,Widget E,2024-02-27,135.0,11.0,7.0
SKU536,Widget E,2024-02-26,173.0,24.0,7.0
SKU245,Widget E,2024-02-25,,23.0,9.0
SKU979,Widget E,,127.0,20.0,7.0
SKU470,Widget E,2024-02-23,72.0,15.0,9.0
SKU236,Widget E,2024-02-22,117.0,12.0,7.0
SKU536,Widget E,2024-02-21,117.0,18.0,3.0
SKU793,Widget E,2024-02-20,127.0,25.0,10.0
SKU331,Widget E,2024-02-19,147.0,16.0,9.0
SKU863,Widget E,2024-02-18,193.0,,9.0
SKU550,Widget E,2024-02-17,97.0,19.0,6.0
SKU970,Widget E,2024-02-16,196.0,12.0,9.0
SKU543,Widget E,2024-02-15,71.0,7.0,8.0
SKU882,Widget E,2024-02-14,94.0,18.0,
SKU120,Widget E,2024-02-13,56.0,16.0,7.0
SKU979,Widget E,2024-02-12,58.0,18.0,7.0
SKU821,Widget E,2024-02-11,78.0,16.0,9.0
SKU185,Widget E,2024-02-10,99.0,7.0,8.0
SKU263,Widget E,2024-02-09,107.0,11.0,7.0
SKU407,Widget E,2024-02-08,157.0,23.0,7.0
SKU990,Widget E,2024-02-07,50.0,23.0,9.0
SKU711,Widget E,2024-02-06,84.0,21.0,4.0
SKU613,Widget E,2024-02-05,77.0,18.0,3.0
SKU443,Widget E,2024-02-04,140.0,21.0,4.0
SKU631,Widget E,2024-02-03,195.0,16.0,
SKU566,Widget E,2024-02-02,71.0,7.0,10.0
SKU936,Widget E,2024-02-01,109.0,25.0,10.0
SKU181,Widget E,2024-01-31,136.0,25.0,
SKU173,Widget E,2024-01-30,176.0,9.0,10.0
SKU610,Widget E,2024-01-29,109.0,,6.0
SKU146,Widget E,2024-01-28,72.0,17.0,10.0
SKU764,Widget E,2024-01-27,108.0,,3.0
SKU265,Widget E,2024-01-26,165.0,18.0,5.0
SKU547,Widget E,2024-01-25,108.0,19.0,9.0
SKU841,Widget E,2024-01-24,62.0,20.0,5.0
SKU602,Widget E,2024-01-23,87.0,17.0,7.0
